id,label,x,y
1,0,479379.698,1002444.056
2,0,485903.8445,1021227.658
3,0,486234.0209,1020780.398
4,0,486423.6967,1020014.669
5,0,486913.1072,1019827.335
6,0,483936.8359,1020988.807
7,0,483936.8359,1021234.683
8,0,485299.6918,1020710.147
9,0,485864.0359,1020782.739
10,0,484882.8733,1020675.022
11,0,484871.165,1020897.482
12,0,487224.5502,1020700.781
13,0,486927.1572,1019522.917
14,0,514535.2612,960718.6687
15,0,537597.3899,984545.9438
16,0,514406.3193,960525.3763
17,0,515359.6201,974527.8485
18,0,484878.19,1020775.714
19,0,486463.5052,1019373.05
20,0,486451.7968,1019492.476
21,0,488105.0207,1019522.917
22,0,516727.3281,963413.1315
23,0,516561.1494,963163.1242
24,0,516451.8393,962983.1431
25,0,486472.8719,1019085.024
26,0,515785.0917,963396.0019
27,0,515456.6599,962856.0658
28,0,515875.2149,962446.0642
29,0,515709.0412,962159.0871
30,0,514594.6175,962112.3416
31,0,514803.5884,962075.4419
32,0,515129.0008,961515.5343
33,0,514890.134,961472.0661
34,0,515847.987,963102.7028
35,0,486468.1886,1019183.374
36,0,485369.9421,1020286.304
37,0,485161.5329,1020143.462
38,0,489224.3422,1020892.798
39,0,538669.2178,989032.6934
40,0,517032.3894,963479.8076
41,0,538934.9173,988509.8815
42,0,539044.1173,988629.7841
43,0,519043.8775,975262.9492
44,0,518685.315,975509.7692
45,0,518864.3629,975359.4911
46,0,518552.9197,975509.7091
47,0,518506.4009,975366.23
48,0,534861.319,983951.9184
49,0,535060.0369,983761.7946
50,0,519033.5198,975393.092
51,0,535063.5519,983665.1714
52,0,534702.8578,982927.8416
53,0,534454.4293,982764.451
54,0,536156.6943,984926.2134
55,0,515237.0105,974578.0871
56,0,538734.6047,984723.5019
57,0,538830.5628,984860.6454
58,0,538860.3341,985000.6838
59,0,535143.0315,983598.6862
60,0,516649.3626,975528.6126
61,0,516583.2256,975378.7191
62,0,516231.8066,974961.5153
63,0,538020.2955,987881.9257
64,0,538003.1125,988432.09
65,0,537957.3828,988058.8512
66,0,539580.2015,989333.8069
67,0,537466.3759,988391.6577
68,0,537442.4056,988868.3598
69,0,537505.5577,988958.636
70,0,537240.3948,988921.4169
71,0,537217.0093,989298.0421
72,0,538379.053,990549.3592
73,0,538090.8999,990472.6727
74,0,538120.9109,990355.8614
75,0,536915.7642,988514.4006
76,0,539660.1065,989330.4342
77,0,539062.0657,987299.7045
78,0,538677.3082,987232.2888
79,0,515479.1207,974921.2933
80,0,538957.8801,988589.7686
81,0,529457.2864,976384.2325
82,0,516955.9238,963353.0805
83,0,485463.6092,1018377.837
84,0,545084.0583,997718.0657
85,0,545080.4145,997907.8663
86,0,545071.1966,997387.7419
87,0,543034.1697,996178.6484
88,0,544898.7077,997364.3777
89,0,545098.055,997037.7427
90,0,542387.7852,996107.956
91,0,544862.0007,997757.7499
92,0,542603.1027,996421.73
93,0,542958.2072,995715.1494
94,0,542918.3651,995848.7092
95,0,542957.808,996088.8411
96,0,544955.2369,997214.5692
97,0,543349.7636,995305.3954
98,0,542919.4,994878.4914
99,0,542975.9358,994718.3275
100,0,542799.2174,995894.924
101,0,544839.1117,997627.5725
102,0,544810.3351,996624.2877
103,0,545028.8748,996667.9159
104,0,543909.4034,995829.5661
105,0,543863.2523,995902.9724
106,0,543852.7856,996062.6924
107,0,544028.8458,995963.2992
108,0,543335.6608,996112.4175
109,0,544247.3165,996073.4776
110,0,544125.0951,995793.3203
111,0,543975.4016,995982.9606
112,0,543905.8235,995966.1226
113,0,543820.2531,995782.634
114,0,543668.1449,995489.1349
115,0,543552.206,995285.8941
116,0,543565.371,995349.0121
117,0,544254.3322,995933.4738
118,0,543306.5898,995345.2817
119,0,543302.9129,996029.0656
120,0,543017.6736,996021.8574
121,0,540811.8891,987557.7841
122,0,486013.9033,1018361.446
123,0,540606.8088,987237.625
124,0,538462.8318,986462.0297
125,0,542919.2617,995008.1495
126,0,542120.6187,991940.3744
127,0,542040.8057,991859.9328
128,0,541081.0095,990465.7399
129,0,541851.0077,989592.9413
130,0,542088.9543,990340.0764
131,0,542141.5678,990653.1836
132,0,543065.2335,995088.664
133,0,541763.7908,990506.3719
134,0,541591.8093,989959.4626
135,0,541665.5405,989286.1068
136,0,541453.4907,989085.7331
137,0,544733.8338,996664.1353
138,0,539906.381,991614.7205
139,0,539535.4132,991524.1377
140,0,539637.7895,991594.2433
141,0,541697.9397,990192.7587
142,0,543426.4277,995115.674
143,0,543393.2464,994979.0778
144,0,543184.4558,994975.4023
145,0,538184.3914,986451.907
146,0,537892.7347,985895.0451
147,0,538261.1587,985621.7794
148,0,540699.8032,987384.6304
149,0,535839.3733,983962.6275
150,0,535457.5671,984405.4921
151,0,535839.0269,984356.0342
152,0,535729.0627,984524.0475
153,0,535927.9834,984661.2743
154,0,535798.4596,984772.5762
155,0,535977.9181,984741.183
156,0,537703.9164,984392.7218
157,0,535747.9205,984264.2577
158,0,541182.8496,988171.9375
159,0,541348.2888,988418.6033
160,0,541453.8797,988705.6343
161,0,543035.6068,994835.2316
162,0,538654.89,986579.0514
163,0,529591.6027,976437.5717
164,0,529533.9602,976134.3433
165,0,529394.6712,976176.1472
166,0,539536.1244,985268.0445
167,0,539811.4257,985488.1883
168,0,539473.2181,985427.7132
169,0,539294.4731,985227.8778
170,0,539201.6514,984891.074
171,0,539242.0415,984694.4087
172,0,539348.5032,984107.357
173,0,539777.838,985745.005
174,0,539255.8737,984077.195
175,0,538890.8641,984347.0046
176,0,538067.6251,981832.4599
177,0,534481.4554,976294.9722
178,0,538226.4613,981849.3701
179,0,537358.0717,981955.0518
180,0,537196.9107,980184.5735
181,0,537296.5975,980014.5824
182,0,538900.8887,984117.2796
183,0,539612.0791,985804.9882
184,0,539854.096,985968.4058
185,0,539999.8535,985808.3261
186,0,538918.268,983373.8634
187,0,538642.1567,983986.8831
188,0,538905.2126,983183.5558
189,0,538672.9552,983046.7758
190,0,538809.3834,982906.8957
191,0,538888.7439,982973.5253
192,0,538696.8967,982616.4163
193,0,538471.6471,982322.8728
194,0,538402.1813,982159.627
195,0,538216.4714,982046.0645
196,0,538507.367,982916.4691
197,0,538778.4838,983950.0383
198,0,538678.7996,984120.0259
199,0,538631.9721,984386.6904
200,0,538903.2366,985250.6722
201,0,538925.9972,985544.0249
202,0,539018.4669,985737.3668
203,0,537154.1064,979807.8895
204,0,539070.7922,983320.2732
205,0,536962.1919,979491.2156
206,0,535915.6491,978063.0771
207,0,537782.2676,981845.5054
208,0,537842.212,981705.5513
209,0,537603.4922,981652.0876
210,0,537735.9218,981595.5158
211,0,537676.7204,981461.8604
212,0,537414.6057,981255.0559
213,0,537623.9688,981245.3885
214,0,537917.8094,982132.5523
215,0,537517.7288,981078.6597
216,0,537361.9502,980931.6055
217,0,538077.6079,981642.6674
218,0,479230.7123,1002410.61
219,0,490306.1969,1019438.617
220,0,479635.1551,1002743.663
221,0,488620.1896,1020977.099
222,0,479714.6253,1002913.704
223,0,537534.696,980755.273
224,0,538080.4333,982292.4331
225,0,538176.3936,982435.9835
226,0,538338.562,982556.4257
227,0,536167.8632,977853.2854
228,0,537356.0795,980381.4221
229,0,535938.6067,978163.1742
230,0,535663.7132,977956.3712
231,0,536214.1025,978240.3233
232,0,536008.6141,977729.8976
233,0,535726.7922,977593.0928
234,0,535028.4653,976552.2827
235,0,534773.0971,976431.7762
236,0,534275.7848,975964.4975
237,0,535557.8629,977886.2747
238,0,537478.4924,980558.518
239,0,537206.4798,980444.8814
240,0,537153.2454,980754.9243
241,0,537530.05,982075.4996
242,0,537652.491,982215.6221
243,0,538089.9709,982579.3633
244,0,536829.645,979127.269
245,0,539083.8179,983540.6534
246,0,538878.436,983500.0314
247,0,538891.4246,983760.3439
248,0,532694.8767,975363.2416
249,0,532754.4837,975020.1696
250,0,532766.3429,974906.7919
251,0,532593.8022,974821.3678
252,0,532480.9535,974903.1144
253,0,532482.8226,975019.954
254,0,532367.9821,975141.1383
255,0,532606.6133,975361.6925
256,0,532353.182,975254.5138
257,0,531858.608,975629.2907
258,0,531908.7173,975509.5337
259,0,521116.725,977904.3858
260,0,533312.9165,975737.4232
261,0,521384.9569,977858.1844
262,0,521305.6785,977561.3664
263,0,523412.0294,976885.6472
264,0,532225.7587,975164.6899
265,0,532482.5696,975339.9028
266,0,532484.1159,975244.7574
267,0,533081.0176,975080.0827
268,0,529598.1009,976266.017
269,0,526753.7413,977551.2503
270,0,530864.0978,975068.4979
271,0,525623.8454,976259.892
272,0,525842.8996,976467.0833
273,0,525875.2456,977270.6703
274,0,525958.0446,977377.2076
275,0,525295.0019,977560.1837
276,0,525450.8712,977650.0036
277,0,525148.8406,977630.0977
278,0,521033.9421,977744.6162
279,0,525723.3458,976323.5494
280,0,531106.5989,974722.1109
281,0,531183.0709,974755.1989
282,0,531553.4762,975799.1358
283,0,533115.352,975677.1188
284,0,533240.3639,975106.8327
285,0,523395.4569,976712.1071
286,0,523713.2052,977545.9273
287,0,523803.1254,977219.1303
288,0,523438.458,976972.4277
289,0,522191.054,977855.1622
290,0,521610.6561,977574.8367
291,0,521803.2633,977747.9763
292,0,521949.0547,977441.4177
293,0,521849.6631,977168.2511
294,0,522244.3044,977311.4289
295,0,522240.8105,977424.8135
296,0,522384.1845,976164.8229
297,0,522450.3082,976298.4579
298,0,522350.7194,976388.1267
299,0,522347.7045,976521.7238
300,0,521358.568,977688.091
301,0,479243.6539,1001854.017
302,0,534259.4139,976191.2586
303,0,534474.7416,976115.0256
304,0,538921.4389,983646.9842
305,0,539113.4745,983800.489
306,0,522360.2528,977788.7013
307,0,543471.9199,996105.6626
308,0,521998.8268,977891.5394
309,0,521106.8143,977154.5514
310,0,523428.0181,977222.3651
311,0,523421.5753,977342.1568
312,0,522941.0405,976482.1196
313,0,523361.675,977482.1303
314,0,523429.0042,975495.4399
315,0,523353.0693,975372.1506
316,0,523452.7545,975121.7712
317,0,523462.7216,974841.7617
318,0,523393.1945,974658.3319
319,0,526456.0604,971533.1855
320,0,525385.8667,970159.0592
321,0,523402.4245,975671.9133
322,0,522871.4566,976401.7242
323,0,522795.509,976301.6061
324,0,522732.3321,976161.5634
325,0,521325.8774,977377.9867
326,0,521226.4249,977214.2643
327,0,521643.8472,977861.2783
328,0,543514.4546,996202.8292
329,0,530834.551,975235.1053
330,0,525143.4886,970341.808
331,0,522908.4764,969793.7892
332,0,519026.546,966054.5253
333,0,519222.0795,966404.6322
334,0,518983.2752,966294.5874
335,0,518823.8294,966394.5899
336,0,518850.4159,966171.2814
337,0,513092.1209,966977.5512
338,0,523134.0463,969837.2974
339,0,512836.5312,967182.551
340,0,513251.5267,966950.981
341,0,511518.2781,966900.179
342,0,511612.9273,966930.2772
343,0,503431.5238,968787.8174
344,0,504164.7354,968614.3559
345,0,510950.43,957200.1754
346,0,497109.4685,1050648.193
347,0,513317.6704,967161.0118
348,0,523405.751,969817.7311
349,0,523123.8462,969660.8037
350,0,503501.2124,968227.3055
351,0,508444.0872,964620.8882
352,0,508271.4314,964654.376
353,0,508420.9035,965267.6721
354,0,508131.945,965624.5314
355,0,507767.0745,965420.8611
356,0,503866.0842,968374.2459
357,0,507541.5002,965187.6404
358,0,509210.5673,963044.0115
359,0,509366.4994,963251.0974
360,0,510335.0062,964154.4643
361,0,510152.5321,964208.1541
362,0,509528.6384,964191.2451
363,0,509379.612,963830.8435
364,0,509233.972,963671.0857
365,0,509426.3733,963104.2032
366,0,503640.4846,968364.3658
367,0,503783.2051,968324.4473
368,0,511003.6286,956373.4661
369,0,505803.4571,967294.3541
370,0,510871.4699,955226.7665
371,0,499789.9866,951184.4347
372,0,510294.0065,955379.9367
373,0,509796.0709,955326.0829
374,0,509278.5944,954892.6386
375,0,508688.4888,954506.0185
376,0,508124.3796,954092.2982
377,0,507845.6853,954258.8713
378,0,506916.4036,954752.1775
379,0,508780.5332,957746.376
380,0,507307.9226,954619.1401
381,0,507925.0836,954678.9023
382,0,505556.5969,953798.5591
383,0,506001.0967,953732.0685
384,0,505536.5049,953625.0288
385,0,503970.563,952744.8895
386,0,511209.4303,955439.8215
387,0,522997.8093,969657.2825
388,0,507540.4745,954572.3485
389,0,509059.1259,957959.8947
390,0,508866.7774,958193.0319
391,0,503108.0814,952371.6342
392,0,499796.3664,951497.9671
393,0,499517.6867,951537.9004
394,0,499358.7187,951357.9665
395,0,497321.1365,951791.3723
396,0,497440.8135,951184.5119
397,0,501083.7726,952171.3853
398,0,497798.986,951318.0881
399,0,496305.9311,950757.6794
400,0,496863.3304,951151.0286
401,0,495430.0905,950357.9621
402,0,495515.9282,950117.8739
403,0,495735.2671,950297.7872
404,0,495569.4252,950271.1836
405,0,495078.2333,949817.7007
406,0,497493.8099,951311.2034
407,0,501853.5824,951778.0175
408,0,502357.94,951971.2892
409,0,500871.831,951744.4634
410,0,504937.7568,967784.2634
411,0,494819.1469,949644.6974
412,0,493140.1065,949544.8629
413,0,494454.1314,949891.2315
414,0,494766.2313,950251.5566
415,0,495164.6357,950231.297
416,0,494925.6745,950104.6304
417,0,489598.7801,972130.8987
418,0,489651.5567,971390.9211
419,0,486007.0543,971851.9482
420,0,494301.5131,949704.4141
421,0,489034.3343,970267.5773
422,0,487668.0955,970451.3516
423,0,487296.5942,969607.974
424,0,487442.1583,969307.7042
425,0,486941.258,968751.2842
426,0,489343.3783,972487.8823
427,0,488825.6823,971244.2282
428,0,488553.6343,969927.5511
429,0,487986.2206,969927.7122
430,0,488577.0179,971134.3616
431,0,486673.5697,972061.7374
432,0,490397.0049,1050359.41
433,0,485668.6338,971715.5086
434,0,543312.5139,996215.9221
435,0,483628.7969,971026.0934
436,0,483350.2168,970952.7506
437,0,482832.7543,970752.812
438,0,481611.9058,970260.3558
439,0,481253.8572,970160.4414
440,0,486358.7021,971955.3564
441,0,499101.819,1047424.372
442,0,496487.1182,1047411.212
443,0,496367.6752,1047257.9
444,0,495746.308,1053885.852
445,0,496136.7901,1053479.085
446,0,490912.9464,1048679.139
447,0,490456.2138,1048358.801
448,0,490264.2256,1047872.259
449,0,498823.7989,1047217.32
450,0,490145.3446,1049986.273
451,0,489781.0953,1049559.431
452,0,489589.3865,1050106.22
453,0,486033.3174,1046393.093
454,0,489205.8836,1050839.911
455,0,489093.2526,1050613.163
456,0,497261.1597,1043416.876
457,0,496539.6737,1044023.814
458,0,495506.7859,1043736.997
459,0,494493.6632,1044843.91
460,0,494215.6599,1045037.699
461,0,493977.3226,1045324.168
462,0,490376.6711,1047359.018
463,0,491032.2957,1048358.661
464,0,490807.0446,1047925.368
465,0,487900.5256,1047499.734
466,0,483001.6283,1047768.313
467,0,483425.4814,1047727.701
468,0,483915.2947,1047407.534
469,0,493710.7575,949658.1584
470,0,493498.8056,949731.6438
471,0,489503.5672,1051266.766
472,0,497169.1821,1050708.334
473,0,489483.7035,1050226.541
474,0,484220.0875,1048247.48
475,0,485635.9637,1046659.953
476,0,485265.2692,1046233.65
477,0,488548.5456,1045778.966
478,0,488720.7531,1045472.27
479,0,489197.6296,1045885.265
480,0,489938.9973,1045138.663
481,0,485239.5226,1048007.474
482,0,489448.962,1044938.637
483,0,488151.2944,1044871.969
484,0,488164.6509,1045325.524
485,0,487648.1804,1045139.333
486,0,497609.3137,1053002.233
487,0,498010.1038,1052628.515
488,0,496970.458,1050454.948
489,0,497043.3883,1050538.259
490,0,488826.6682,1044432.011
491,0,484815.8139,1048407.463
492,0,484060.8988,1047967.522
493,0,497503.4767,1051038.62
494,0,485243.9009,971579.1025
495,0,494262.3148,1022949.516
496,0,501379.2632,1047887.805
497,0,501375.8319,1048031.267
498,0,501336.182,1048151.065
499,0,501187.377,1048527.711
500,0,501038.0894,1048764.346
501,0,500992.0725,1049117.826
502,0,500733.6389,1049628.074
503,0,501482.052,1047804.492
504,0,500598.0609,1049954.93
505,0,500763.7137,1038612.528
506,0,500863.0921,1038832.406
507,0,500233.9899,1039532.453
508,0,500432.7493,1039759.233
509,0,489151.0704,1033519.42
510,0,497364.4738,1050905.027
511,0,488945.9595,1033686.111
512,0,500369.4996,1049777.941
513,0,500627.9096,1050344.893
514,0,500714.0491,1050291.651
515,0,497605.7719,1051158.413
516,0,497380.1609,1036958.606
517,0,497628.3209,1035911.96
518,0,497264.0678,1036122.0
519,0,497104.9462,1036122.012
520,0,500823.4009,1040519.441
521,0,496892.9468,1036115.126
522,0,496764.2193,1036575.595
523,0,496595.3249,1036772.315
524,0,488886.4996,1034646.484
525,0,489323.8113,1034926.383
526,0,489515.7571,1034979.574
527,0,489462.7255,1034419.545
528,0,489197.7089,1033959.652
529,0,496813.655,1036408.958
530,0,502008.6233,1040052.616
531,0,502240.2095,1039592.663
532,0,500498.8359,1040059.469
533,0,488641.6151,1034400.057
534,0,493260.3235,1031904.913
535,0,488765.2352,1026744.789
536,0,488525.7503,1023377.71
537,0,490626.9965,1030111.943
538,0,489812.6651,1030145.179
539,0,489693.2998,1030585.455
540,0,490091.1648,1031559.017
541,0,490117.722,1032012.073
542,0,490177.7103,1032999.035
543,0,490694.1911,1032605.497
544,0,491574.0429,1030125.037
545,0,491170.6371,1032678.842
546,0,491104.0697,1030651.661
547,0,490726.5402,1030691.681
548,0,486593.4527,1030006.145
549,0,486593.3447,1029693.093
550,0,488839.8199,1034073.143
551,0,523273.3749,969750.6106
552,0,494759.1284,1024336.729
553,0,492316.4232,1032718.531
554,0,492196.9158,1030118.005
555,0,492951.9809,1029991.161
556,0,493885.815,1030051.148
557,0,488081.5486,1023431.086
558,0,490592.6993,1023944.101
559,0,489612.2162,1023997.592
560,0,489731.3255,1024370.757
561,0,485817.4791,1026452.418
562,0,490373.874,1024337.563
563,0,489764.8419,1025184.188
564,0,489559.5326,1024784.424
565,0,490029.9277,1025711.13
566,0,490526.6308,1026164.56
567,0,489731.8184,1026244.627
568,0,489725.5871,1026757.835
569,0,490586.5131,1026724.587
570,0,490261.4416,1025184.061
571,0,484605.0758,1025626.126
572,0,484703.7548,1024992.589
573,0,484677.0836,1024419.246
574,0,488341.1003,1026631.525
575,0,494319.9267,1031784.945
576,0,524748.7616,970244.9447
577,0,490692.8962,1027197.836
578,0,491017.0942,1027217.973
579,0,491076.9542,1027717.855
580,0,492302.3069,1028197.77
581,0,495965.3389,1028564.006
582,0,492838.3614,1024590.432
583,0,495468.2208,1027943.874
584,0,495382.348,1026476.734
585,0,492130.1468,1026844.043
586,0,495481.8104,1026890.344
587,0,494395.1272,1026950.631
588,0,493520.9268,1026656.942
589,0,493527.3597,1027057.252
590,0,492931.3614,1027004.112
591,0,495680.2068,1027423.741
592,0,495162.3138,1017354.92
593,0,494771.4281,1017408.706
594,0,494434.7241,1026457.138
595,0,491414.6582,1026824.474
596,0,492752.5479,1026650.668
597,0,493282.1005,1024736.772
598,0,493863.0128,1031398.014
599,0,494461.2081,1023276.342
600,0,495534.3739,1024036.4
601,0,496746.6084,1025063.185
602,0,496720.0945,1024256.157
603,0,495765.9749,1023535.986
604,0,494633.3424,1024923.408
605,0,495567.0886,1023162.812
606,0,496587.2477,1022842.758
607,0,497302.6941,1021235.546
608,0,496951.481,1020822.445
609,0,496282.4114,1020755.455
610,0,496136.776,1019075.353
611,0,496143.0952,1018581.867
612,0,494778.3301,1017741.967
613,0,496528.0397,1023456.046
614,0,495281.8734,1017675.35
615,0,494221.8785,1017755.356
616,0,479820.8628,1003690.603
617,0,491745.8066,1027277.464
618,0,479588.9217,1003367.319
619,0,493089.4597,1021002.877
620,0,492565.8065,1020676.119
621,0,491969.7219,1020683.138
622,0,491757.685,1020903.057
623,0,495143.1456,1020795.512
624,0,494182.4367,1019342.302
625,0,493672.0451,1019322.168
626,0,494335.0274,1021129.377
627,0,491565.5313,1020189.738
628,0,491532.1381,1019789.435
629,0,491452.6045,1018942.492
630,0,491757.1698,1018448.942
631,0,491830.0807,1018095.944
632,0,491917.9948,1026350.599
633,0,492136.2955,1025763.892
634,0,479592.4456,1003550.71
635,0,491783.9566,1020056.091
636,0,494871.1789,1019809.07
637,0,495056.8555,1020115.687
638,0,479668.7749,1004290.65
639,0,479731.4623,1003260.761
640,0,493837.4253,1018188.754
641,0,479628.504,1003153.834
642,0,479539.2385,1002993.658
643,0,479645.5338,1003877.535
644,0,479263.7448,1002797.097
645,0,479614.969,1002557.323
646,0,479817.2872,1002433.479
647,0,479740.6874,1002126.878
648,0,479532.4604,1003153.883
649,0,479591.5342,1001767.071
650,0,479412.6316,1001690.257
651,0,479415.6936,1001926.89
652,0,479475.9455,1002837.412
653,0,479496.5792,1003893.88
654,0,479791.7121,1004184.101
655,0,489732.0695,1027198.077
656,0,479674.3976,1001860.204
657,1,484395.8517,1018342.448
658,1,487005.9351,1018177.793
659,1,487094.2774,1017566.9
660,1,487920.6839,1019769.456
661,1,488097.5354,1017647.239
662,1,485084.9625,1017708.222
663,1,484950.7994,1018708.348
664,1,486036.3013,1017824.09
665,1,489750.1816,1018683.954
666,1,483968.9689,1020135.356
667,1,484036.0505,1017689.927
668,1,502794.7719,1041106.693
669,1,502693.4179,1041375.369
670,1,488479.5961,1050867.732
671,1,485511.8453,1018007.04
672,1,485389.8788,1018763.233
673,1,485456.9604,1018330.251
674,1,497740.8241,1050724.565
675,1,502843.3849,1039097.734
676,1,490341.8118,1035243.605
677,1,497560.2167,1050538.222
678,1,497311.1128,1050698.464
679,1,497189.2572,1050828.624
680,1,495510.173,1051728.51
681,1,502934.9648,1038692.991
682,1,489489.4023,1053138.693
683,1,489169.1556,1052483.092
684,1,489489.0445,1051844.567
685,1,489189.6115,1052135.521
686,1,489422.917,1051636.539
687,1,489174.8579,1051884.095
688,1,488912.616,1052154.335
689,1,488375.3871,1050988.548
690,1,489307.7215,1052720.186
691,1,502851.2379,1038829.051
692,1,502393.9814,1038790.566
693,1,484462.523,1017897.649
694,1,488746.2474,1050593.051
695,1,489150.01,1050559.409
696,1,491786.5874,1046316.489
697,1,483838.8427,1049492.959
698,1,483432.6484,1049579.409
699,1,485380.6038,1049593.402
700,1,485621.4815,1049794.948
701,1,485794.3084,1049949.192
702,1,485645.5268,1049962.559
703,1,485366.4602,1049723.56
704,1,483465.0982,1049918.58
705,1,485483.0901,1050104.112
706,1,485611.8675,1048960.794
707,1,485293.6274,1048694.695
708,1,487243.1508,1047413.18
709,1,487088.5399,1047587.754
710,1,487669.1358,1047887.306
711,1,487342.7874,1048245.331
712,1,495068.5703,1031421.013
713,1,485196.1893,1049856.736
714,1,483746.9826,1049853.875
715,1,486632.0845,1048189.371
716,1,486369.8452,1048489.208
717,1,491581.5435,1046526.551
718,1,495074.2627,1045307.742
719,1,494766.8314,1045067.2
720,1,498989.2635,1048195.425
721,1,499152.7338,1047915.397
722,1,495673.7417,1048362.29
723,1,486221.0154,1048385.238
724,1,495436.405,1048746.857
725,1,495506.861,1048543.24
726,1,495283.7029,1048782.372
727,1,495876.3956,1048565.876
728,1,494718.3886,1048731.667
729,1,494667.9985,1048893.871
730,1,494830.0329,1049108.303
731,1,494962.2966,1049978.922
732,1,495717.3132,1048455.955
733,1,486524.8423,1048041.509
734,1,488999.1981,1050316.403
735,1,502642.213,1038512.04
736,1,496569.7997,1036027.4
737,1,496609.7132,1049996.981
738,1,498785.0909,1030412.051
739,1,498779.7153,1030756.162
740,1,497489.9097,1030634.947
741,1,497495.2813,1030404.718
742,1,496220.0993,1029760.477
743,1,495686.4109,1030378.255
744,1,496202.0041,1029997.61
745,1,499488.7588,1030565.357
746,1,495540.8878,1029603.284
747,1,495520.3012,1029431.725
748,1,495328.361,1029582.11
749,1,495323.9757,1029764.026
750,1,495336.7416,1030048.482
751,1,495521.3214,1029786.68
752,1,496199.5752,1030196.78
753,1,498391.5601,1034495.051
754,1,495323.4475,1029444.073
755,1,496378.6464,1049397.515
756,1,495526.2532,1030089.871
757,1,495686.432,1030567.565
758,1,539541.3913,987411.0924
759,1,496166.9286,1031836.483
760,1,496158.1422,1032114.533
761,1,496588.558,1032210.627
762,1,499357.0628,1032172.029
763,1,499697.3739,1032304.147
764,1,495983.6548,1030471.399
765,1,499582.7984,1032615.721
766,1,499293.9028,1032471.278
767,1,499301.7409,1032678.336
768,1,499325.2476,1032883.421
769,1,499511.3231,1033681.085
770,1,499240.5546,1033682.568
771,1,499665.0823,1035253.246
772,1,499220.5107,1035232.054
773,1,499591.1248,1032834.611
774,1,498895.4051,1035211.849
775,1,498381.3026,1035084.674
776,1,502464.4939,1038567.736
777,1,498029.2359,1034469.432
778,1,496575.6652,1035916.969
779,1,497168.5066,1034917.618
780,1,497325.1856,1034924.509
781,1,496763.5083,1033931.659
782,1,496741.0054,1034170.763
783,1,496715.5155,1033827.641
784,1,496693.984,1033973.076
785,1,496678.3284,1034119.99
786,1,497299.6956,1034498.562
787,1,496664.6316,1034268.383
788,1,496478.5457,1033971.123
789,1,496456.5316,1034182.127
790,1,496822.3147,1034545.926
791,1,496829.1849,1034734.743
792,1,496645.9034,1049683.923
793,1,496846.5887,1049905.263
794,1,496492.2613,1050113.34
795,1,496505.9456,1033754.203
796,1,497471.5561,1034528.624
797,1,497473.0397,1034754.908
798,1,498026.7969,1034647.403
799,1,496559.0426,1036187.132
800,1,496439.5655,1036037.765
801,1,498759.8209,1036442.863
802,1,496732.4694,1037450.666
803,1,496438.0782,1035838.102
804,1,496666.8814,1037644.912
805,1,496982.1755,1037657.211
806,1,490619.7167,1034430.093
807,1,490628.1171,1034747.087
808,1,489889.4165,1035283.16
809,1,489800.2962,1035244.73
810,1,489731.75,1035245.241
811,1,490369.7451,1035344.662
812,1,496569.9703,1037946.635
813,1,497181.8283,1036315.26
814,1,497199.9279,1036098.341
815,1,496832.1391,1034935.885
816,1,496605.9934,1035604.407
817,1,493814.15,1035113.236
818,1,484510.352,1026345.443
819,1,483381.5401,954827.8581
820,1,492571.26,1028747.9
821,1,488772.6151,1021748.788
822,1,488526.7417,1021746.888
823,1,488235.8087,1021747.96
824,1,487972.9856,1022374.141
825,1,488512.8268,1022731.892
826,1,488266.962,1022738.374
827,1,493008.0694,1028739.438
828,1,488580.4356,1024477.563
829,1,489105.6587,1025225.285
830,1,489104.6177,1025004.917
831,1,489262.7209,1024696.752
832,1,489157.4276,1024707.134
833,1,488445.6182,1028977.656
834,1,493565.912,1035102.923
835,1,488357.9656,1028987.542
836,1,488533.7693,1024000.852
837,1,493529.6457,1034895.871
838,1,493643.729,1034906.698
839,1,493065.5193,1035085.262
840,1,487923.6423,1025946.883
841,1,487803.6579,1025948.399
842,1,487620.0044,1025938.104
843,1,487429.9873,1025937.672
844,1,488739.7224,1024884.237
845,1,488259.9531,1027120.107
846,1,487932.328,1027110.84
847,1,487804.5081,1027101.02
848,1,487639.4723,1027100.086
849,1,488486.981,1028094.197
850,1,488299.4198,1028082.914
851,1,488072.1898,1028063.756
852,1,487877.281,1028047.054
853,1,488091.4897,1027120.158
854,1,488731.8403,1024724.509
855,1,489171.1828,1024859.465
856,1,489277.9463,1024854.013
857,1,488289.3276,1028719.866
858,1,487365.7683,1025740.495
859,1,484562.3199,1028959.283
860,1,484492.111,1028501.811
861,1,488246.8106,1029007.295
862,1,487876.114,1029016.776
863,1,487835.9126,1028868.397
864,1,487775.1088,1028609.593
865,1,487742.2524,1028462.198
866,1,484303.3199,1027867.895
867,1,484104.4851,1027837.903
868,1,488184.054,1028758.352
869,1,483849.3285,1027796.596
870,1,485121.8834,1028541.005
871,1,485258.0997,1028749.983
872,1,485161.1545,1028789.953
873,1,485288.5285,1028928.436
874,1,488378.9364,1028699.134
875,1,495551.1102,1054431.627
876,1,495992.9887,1030762.758
877,1,485200.6956,1028462.589
878,1,488120.8073,1028510.887
879,1,488208.4577,1028490.155
880,1,488300.026,1028470.408
881,1,484342.7162,1028413.625
882,1,484243.7883,1028394.438
883,1,484065.5235,1028363.945
884,1,483948.9692,1028352.654
885,1,484863.483,1028958.179
886,1,483829.9628,1028332.983
887,1,483909.174,1026854.457
888,1,483739.7209,1026833.329
889,1,485271.6564,1028340.792
890,1,485007.7057,1028340.893
891,1,484719.7566,1028333.61
892,1,484469.5178,1028334.202
893,1,484619.057,1026307.439
894,1,484057.0789,1026875.102
895,1,484824.7016,1028713.668
896,1,484784.9372,1028461.27
897,1,485191.0942,1028968.899
898,1,484529.4161,1028722.658
899,1,493302.0067,1035095.573
900,1,487612.1052,1025738.444
901,1,484568.1411,1026347.885
902,1,484569.1832,1026506.136
903,1,484500.1314,1026505.67
904,1,484627.4967,1026597.317
905,1,484568.2349,1026585.015
906,1,484489.8787,1026585.046
907,1,482792.5573,958955.3126
908,1,484608.9216,1026684.584
909,1,484620.6081,1026514.989
910,1,484497.2563,1026664.909
911,1,485381.9153,962449.5477
912,1,494583.8832,959198.1165
913,1,494503.9074,959068.4739
914,1,494612.2937,958879.6494
915,1,491136.4883,955273.62
916,1,484558.4765,1026676.223
917,1,521041.5585,976279.4709
918,1,510178.138,963797.5088
919,1,484500.0955,1026415.452
920,1,489740.9289,955971.0077
921,1,479504.3932,953912.6317
922,1,483615.5441,954800.6523
923,1,484174.8136,954770.8591
924,1,484323.4607,954760.4507
925,1,483544.7175,954339.7457
926,1,495768.2783,961384.3358
927,1,494878.0397,961809.3828
928,1,480332.2895,954424.9337
929,1,502478.6624,959798.2855
930,1,518176.4147,975315.3054
931,1,518230.382,975251.7345
932,1,518302.9378,975289.7265
933,1,520164.4823,977968.9799
934,1,520199.8024,977934.9814
935,1,520288.5984,977839.3864
936,1,520369.0858,977690.545
937,1,518286.8565,975063.933
938,1,521271.5468,976247.0525
939,1,522851.8789,975456.169
940,1,487845.2205,1025740.343
941,1,504949.4022,968831.3534
942,1,543325.8187,996149.3817
943,1,497360.1267,963221.0409
944,1,497670.6254,963476.8781
945,1,481334.3431,956075.9545
946,1,481900.8558,955820.3432
947,1,481819.4299,955846.5063
948,1,484686.1744,965895.2347
949,1,481511.0951,964148.4183
950,1,492263.8714,963255.199
951,1,481833.3626,964187.2216
952,1,491194.8233,964362.6422
953,1,490171.2747,964746.4095
954,1,490048.6555,964748.9036
955,1,494544.9991,965684.7296
956,1,501616.9599,968016.6868
957,1,484570.6169,1026416.41
958,1,484628.4128,1026436.6
959,1,490580.1594,963974.8025
960,1,490793.6132,964387.3781
961,1,506468.3458,968317.3852
962,1,503170.2503,967141.2453
963,1,537817.9183,990944.7045
964,1,537740.44,990977.6626
965,1,539770.2718,991952.7808
966,1,541065.376,991861.3941
967,1,540927.4025,992095.4269
968,1,503455.1798,967406.9839
969,1,540029.9059,991611.8848
970,1,537371.9209,989286.8459
971,1,539512.0684,989329.7964
972,1,539150.7561,988863.0731
973,1,539229.4982,989049.008
974,1,539175.679,988942.9622
975,1,538748.6156,987509.4191
976,1,538780.3915,987601.6392
977,1,539957.7114,991753.3029
978,1,503238.8985,967331.5406
979,1,503209.9823,967069.7663
980,1,508483.0956,968142.7414
981,1,539367.9032,987360.6383
982,1,493799.5855,1051025.24
983,1,479936.0626,974098.5148
984,1,535696.3219,982725.0945
985,1,535650.6452,982818.2297
986,1,535530.8003,983069.0574
987,1,536849.2439,981317.6446
988,1,536788.1594,981093.7716
989,1,535343.2577,978269.6349
990,1,535143.2803,978181.7106
991,1,537912.0442,985690.9642
992,1,532254.7651,975069.0731
993,1,528331.1791,976070.3931
994,1,528356.6561,976100.9759
995,1,529366.0581,975732.4387
996,1,526536.0224,975295.2059
997,1,526301.7622,975090.9593
998,1,526100.853,974872.9317
999,1,526093.93,974964.1295
1000,1,532338.7404,974912.369
1001,1,517159.5285,964423.9171
1002,1,526091.3999,975087.3743
1003,1,529029.3428,972730.4068
1004,1,525985.8228,970661.7832
1005,1,522939.0309,971291.9823
1006,1,523186.7391,971195.989
1007,1,522092.7917,971836.7598
1008,1,522063.9282,971706.1038
1009,1,522135.6318,971509.9349
1010,1,529126.3789,972816.7478
1011,1,529208.496,972503.267
1012,1,521912.6173,971287.4804
1013,1,513147.2343,964853.811
1014,1,514299.7334,965218.011
1015,1,514662.1615,965309.8318
1016,1,514455.1979,965263.419
1017,1,516602.0783,966300.4673
1018,1,517275.2528,964495.9402
1019,1,521866.4458,971425.9841
1020,1,519442.027,972191.358
1021,1,478976.9502,974200.0555
1022,1,516546.8584,964562.689
1023,1,517135.0646,964277.4919
1024,1,516890.9211,963986.0406
1025,1,516530.5083,963742.3635
1026,1,516375.0153,963760.0493
1027,1,509213.0242,958582.5591
1028,1,509130.5981,958644.1632
1029,1,510393.6362,959170.4656
1030,1,511557.8062,960557.0264
1031,1,516975.8621,963774.5867
1032,1,513730.9213,960339.2955
1033,1,508252.651,962899.8607
1034,1,509235.8335,968527.4269
1035,1,509183.8287,968611.7149
1036,1,515260.682,963585.1105
1037,1,515217.5664,963454.455
1038,1,515606.2051,963010.9172
1039,1,507967.7235,954900.2569
1040,1,508703.9125,962896.0088
1041,1,507822.017,954899.7365
1042,1,506301.2517,954379.8833
1043,1,507066.5235,954767.4847
1044,1,513736.333,960290.9854
1045,1,513694.6067,960385.6236
1046,1,511557.8056,960558.9984
1047,1,510464.788,959079.2824
1048,1,510337.7181,959154.1834
1049,1,512113.4856,957482.4791
1050,1,511892.2509,957446.9212
1051,1,507164.1839,954581.6491
1052,1,511818.6595,957470.0703
1053,1,511649.8641,957617.4234
1054,1,509556.0448,958035.9238
1055,1,509436.8573,957955.5414
1056,1,507292.7517,957223.0414
1057,1,507450.1996,957359.6238
1058,1,507676.3411,957410.4413
1059,1,507619.4283,957450.3621
1060,1,511737.1937,957584.4183
1061,1,525627.9422,970467.3238
1062,1,508427.8712,957489.9553
1063,1,495451.7867,1054588.413
1064,1,509424.7101,955255.9951
1065,1,509368.7826,955256.4756
1066,1,496925.1853,964966.7078
1067,1,488528.0229,965992.5903
1068,1,488496.1171,965900.4119
1069,1,488248.9062,965843.2955
1070,1,487203.9827,965098.7122
1071,1,487133.3575,965109.0866
1072,1,491302.2377,962009.1391
1073,1,491263.9694,961969.2159
1074,1,487133.0431,965676.9994
1075,1,488417.0448,965515.9097
1076,1,488370.9183,965436.5529
1077,1,482825.1294,965377.3477
1078,1,482747.1196,965318.2224
1079,1,485552.1725,962597.3821
1080,1,485432.976,962586.5781
1081,1,487348.8213,965585.2388
1082,1,491222.9276,962733.8342
1083,1,498565.5089,955692.2311
1084,1,498616.2281,961402.8771
1085,1,538189.2258,986002.7951
1086,1,490105.1472,963052.0562
1087,1,495414.2354,962395.9643
1088,1,495620.2543,962454.6065
1089,1,495680.0734,962236.2109
1090,1,497122.7104,962990.3428
1091,1,496976.5366,962922.3222
1092,1,496609.1649,963080.5965
1093,1,490116.4148,962993.8821
1094,1,496549.3183,963010.5986
1095,1,498535.7835,961412.7394
1096,1,496450.3957,959107.7014
1097,1,496409.6796,959097.3523
1098,1,497101.8176,958791.1597
1099,1,497352.4855,958751.2119
1100,1,497261.2394,958691.0745
1101,1,497004.6754,958601.8632
1102,1,487241.9115,965626.1889
1103,1,517223.4058,964147.8746
1104,1,498497.8074,955672.5144
1105,1,497606.8608,954906.4704
1106,1,482661.5106,950471.2127
1107,1,482581.0405,950461.8793
1108,1,482461.9977,949725.9138
1109,1,482384.4575,949686.5079
1110,1,482374.2287,949865.9558
1111,1,486546.264,948325.3479
1112,1,486486.9018,948353.9594
1113,1,493326.7871,951004.5335
1114,1,486407.9167,948394.4088
1115,1,487315.7207,948602.1624
1116,1,487109.6465,948623.9157
1117,1,486931.0401,948614.111
1118,1,487226.4702,948771.28
1119,1,487051.2902,948732.3882
1120,1,478748.8618,951009.8563
1121,1,509395.7479,955333.386
1122,1,487366.7803,948702.7142
1123,1,493416.0822,950995.153
1124,1,478706.6614,950999.525
1125,1,478303.2405,950780.8484
1126,1,478827.2459,949796.1048
1127,1,479092.8433,950103.0976
1128,1,479081.1123,950193.3184
1129,1,479141.969,950225.3318
1130,1,479261.7762,950404.7167
1131,1,479704.2989,950315.2724
1132,1,479704.3556,950433.0941
1133,1,479617.968,950364.1188
1134,1,479568.0771,952707.2681
1135,1,479510.2536,952850.753
1136,1,479301.7106,952791.6977
1137,1,479365.481,952770.4683
1138,1,480074.1576,955300.0928
1139,1,479968.673,955284.8606
1140,1,478986.7167,974120.1872
1141,1,479664.1362,950461.7062
1142,1,478884.5642,949619.097
1143,1,497666.2222,954896.6076
1144,1,508338.0895,957532.3333
1145,1,478836.0389,949718.7028
1146,1,479924.6543,977843.7182
1147,1,476428.1167,976096.963
1148,1,476528.1258,976058.9459
1149,1,476545.8888,973674.863
1150,1,476564.1453,973872.5392
1151,1,476498.9078,973841.5185
1152,1,480603.9738,973115.6792
1153,1,480579.9916,973214.2871
1154,1,479634.8754,977850.763
1155,1,481394.8832,972947.2071
1156,1,481416.9776,973007.341
1157,1,481374.8446,973095.6039
1158,1,481328.3038,973195.7005
1159,1,481311.5894,973104.5063
1160,1,481093.4129,973198.7656
1161,1,481089.6348,973514.2764
1162,1,494294.6358,1032949.897
1163,1,481476.7509,972888.5052
1164,1,479790.795,977842.798
1165,1,481120.0013,973433.9062
1166,1,481190.6111,973424.0142
1167,1,481010.2122,973554.2446
1168,1,483264.7382,973004.5766
1169,1,483137.7669,973096.8161
1170,1,483045.6025,973162.9136
1171,1,483134.8725,973213.6541
1172,1,483232.9238,973152.9772
1173,1,481080.7463,973380.1891
1174,1,483322.1511,973098.7129
1175,1,483397.6491,973047.4122
1176,1,482683.0273,972725.7891
1177,1,482623.7364,972834.2702
1178,1,495197.5015,1032627.848
1179,1,495042.2827,1032627.868
1180,1,494863.0472,1032446.962
1181,1,494614.3028,1032437.136
1182,1,483469.7115,972988.2254
1183,1,481149.9498,973511.2908
1184,1,538031.6229,985732.9803
1185,1,481044.4949,973459.576
1186,1,494152.1745,1033118.029
1187,1,502220.7609,1045740.342
1188,1,495176.1957,1030610.023
1189,1,500949.6022,1044653.228
1190,1,500653.9508,1044403.272
1191,1,500413.1193,1044197.689
1192,1,499242.7256,1044486.591
1193,1,499091.4673,1044348.555
1194,1,498924.0542,1044204.604
1195,1,495189.8941,1030508.957
1196,1,499591.2445,1044116.837
1197,1,499276.9779,1043819.071
1198,1,502111.1078,1045904.012
1199,1,502066.0711,1045987.326
1200,1,502278.0045,1046173.198
1201,1,502337.7251,1046100.731
1202,1,479956.1103,973980.682
1203,1,494385.7389,1033150.533
1204,1,499444.881,1043976.334
1205,1,494891.6821,1030513.925
1206,1,494891.6964,1030622.384
1207,1,502483.5734,1046348.719
1208,1,501899.2119,1044915.539
1209,1,501555.1109,1044608.385
1210,1,502216.4113,1044776.53
1211,1,502374.0205,1044908.17
1212,1,503239.4231,1045156.705
1213,1,503087.6911,1045033.936
1214,1,502566.3156,1046035.67
1215,1,502698.5681,1044712.965
1216,1,502773.9066,1045316.893
1217,1,502479.2508,1045073.331
1218,1,502591.8448,1044909.663
1219,1,502859.5815,1045123.151
1220,1,499365.6613,1048801.312
1221,1,499514.4513,1048750.038
1222,1,502978.0096,1045489.458
1223,1,502719.5136,1046159.423
1224,1,502525.6741,1046259.489
1225,1,494635.5972,1030626.855
1226,1,499387.6838,1048652.919
1227,1,503134.1671,1045348.472
1228,1,499250.1535,1048843.219
1229,1,500604.4402,1048898.926
1230,1,500502.1454,1049007.877
1231,1,500169.3274,1048688.411
1232,1,495393.7245,1047927.498
1233,1,495197.4306,1047747.084
1234,1,494998.2423,1047904.376
1235,1,493104.9328,1047360.4
1236,1,500239.3185,1048591.29
1237,1,495173.9594,1047926.539
1238,1,495070.724,1048232.704
1239,1,494854.8762,1048232.24
1240,1,494863.2255,1048445.214
1241,1,494663.013,1048242.126
1242,1,492946.2941,1047073.504
1243,1,493204.2848,1047311.083
1244,1,495177.4108,1048126.203
1245,1,494859.2561,1048045.393
1246,1,493044.2122,1047210.54
1247,1,492889.5255,1047123.8
1248,1,489921.5473,1047647.54
1249,1,492611.8756,1046485.912
1250,1,492749.8808,1046347.846
1251,1,499360.7692,1048944.775
1252,1,492759.2051,1046476.024
1253,1,492751.4019,1046625.404
1254,1,492494.9191,1046626.44
1255,1,492367.1911,1046746.757
1256,1,492535.0751,1046725.525
1257,1,492896.7494,1046488.323
1258,1,492662.3332,1046704.301
1259,1,490067.017,1042373.894
1260,1,490008.2614,1042325.595
1261,1,489971.5758,1042436.529
1262,1,489803.2084,1042546.512
1263,1,489880.5656,1042593.82
1264,1,489910.7324,1047470.063
1265,1,492474.412,1046883.789
1266,1,489754.6421,1047648.078
1267,1,489902.0273,1047867.916
1268,1,490068.3955,1047688.421
1269,1,495738.881,1053116.28
1270,1,491775.4345,1046804.56
1271,1,491942.3415,1046795.158
1272,1,492120.017,1046786.247
1273,1,491933.0731,1046944.539
1274,1,493709.5167,1050925.175
1275,1,493628.3004,1051085.414
1276,1,493480.9953,1051135.232
1277,1,493522.3361,1052486.045
1278,1,493658.854,1052344.531
1279,1,493697.5233,1052385.937
1280,1,493600.6308,1052434.76
1281,1,493550.2366,1052515.127
1282,1,494951.4814,1053307.167
1283,1,500387.1289,1048816.099
1284,1,492002.5044,1046595.481
1285,1,494786.5767,1053439.314
1286,1,494911.8365,1053271.676
1287,1,494665.2316,1053596.598
1288,1,494634.8858,1053567.022
1289,1,493569.5975,1051243.677
1290,1,496666.8739,1054412.285
1291,1,495601.3669,1053149.819
1292,1,496882.5879,1053210.825
1293,1,496617.3632,1053467.207
1294,1,495869.0541,1053078.797
1295,1,497078.3301,1053049.598
1296,1,496656.0273,1053498.756
1297,1,496636.0454,1054433.487
1298,1,495789.2718,1052970.839
1299,1,496685.9637,1054462.076
1300,1,496706.5223,1054520.249
1301,1,497030.367,1053011.148
1302,1,495610.7981,1054299.002
1303,1,495664.6353,1054353.226
1304,1,495391.0972,1054523.837
1305,1,496726.5849,1054502.006
1306,1,495699.7441,1053241.013
1307,2,488044.5805,1019117.522
1308,2,487793.7197,1019175.873
1309,2,488063.5323,1019178.866
1310,2,488140.8353,1018989.847
1311,2,487939.3487,1018982.366
1312,2,488044.0818,1019050.692
1313,2,487804.193,1019051.191
1314,2,487341.3723,1019114.53
1315,2,487777.7604,1019117.023
1316,2,486951.8647,1017496.652
1317,2,486338.4277,1017589.416
1318,2,486204.7682,1017521.588
1319,2,486621.7059,1017509.619
1320,2,486313.4912,1017514.606
1321,2,486532.9321,1017509.619
1322,2,486422.2142,1017587.421
1323,2,486644.6475,1017584.428
1324,2,486425.2066,1017641.283
1325,2,487684.9967,1017555.502
1326,2,487359.8252,1019053.186
1327,2,487529.3932,1017482.688
1328,2,487418.6753,1017556.499
1329,2,487697.9637,1017483.685
1330,2,487299.9777,1017488.672
1331,2,489241.0321,1017729.559
1332,2,488438.0779,1017446.779
1333,2,489060.9908,1017676.194
1334,2,488738.313,1017949.498
1335,2,488665.4985,1017884.663
1336,2,487390.7465,1017615.35
1337,2,488426.1084,1017957.478
1338,2,488650.5366,1017828.806
1339,2,488420.1237,1017831.798
1340,2,488737.3155,1017761.976
1341,2,488652.5315,1017766.963
1342,2,488398.1796,1017769.956
1343,2,488479.9712,1017768.958
1344,2,488451.0449,1017519.593
1345,2,488726.3435,1017514.606
1346,2,489011.1179,1017734.546
1347,2,488623.6052,1017445.782
1348,2,488444.0627,1017589.416
1349,2,488739.3104,1017590.413
1350,2,489037.5505,1017553.507
1351,2,489096.4006,1017554.006
1352,2,489333.7957,1017550.016
1353,2,489247.0168,1017549.019
1354,2,488973.7132,1017616.846
1355,2,489107.8714,1017610.861
1356,2,489192.6553,1017608.367
1357,2,488992.6649,1017677.691
1358,2,489290.4063,1017670.708
1359,2,489212.1058,1017672.703
1360,2,488739.3104,1017441.792
1361,2,487658.0654,1017621.334
1362,2,486481.0643,1018724.523
1363,2,487639.1136,1017695.146
1364,2,486344.4124,1018866.163
1365,2,486622.7034,1018880.127
1366,2,486483.0592,1018782.376
1367,2,486614.7237,1018788.361
1368,2,486339.4252,1018776.391
1369,2,486612.7288,1018724.523
1370,2,486348.4023,1018714.549
1371,2,485971.3629,1019290.082
1372,2,486098.0402,1019296.067
1373,2,485828.7264,1019279.11
1374,2,485947.4239,1019227.243
1375,2,486058.1418,1019229.237
1376,2,485843.6883,1019220.26
1377,2,485984.3299,1018948.952
1378,2,486113.0021,1018952.941
1379,2,485839.6984,1018935.985
1380,2,486428.199,1019245.197
1381,2,486625.6958,1019248.189
1382,2,486287.5573,1019295.07
1383,2,486366.3565,1019296.067
1384,2,486646.6424,1019311.029
1385,2,486557.8686,1019306.042
1386,2,487378.777,1020156.874
1387,2,485831.7187,1019105.553
1388,2,485908.5231,1019108.545
1389,2,486478.0719,1018870.152
1390,2,486580.8101,1018963.913
1391,2,486333.4404,1018951.944
1392,2,486462.1126,1018958.926
1393,2,487387.7541,1017753.996
1394,2,487654.0755,1017753.996
1395,2,487382.7668,1017816.836
1396,2,487637.1187,1017812.846
1397,2,486943.885,1017727.065
1398,2,487204.2217,1017718.088
1399,2,486929.9206,1017794.892
1400,2,487204.2217,1017787.91
1401,2,486945.8799,1017973.437
1402,2,487200.2319,1017958.475
1403,2,486899.9969,1017908.602
1404,2,487190.2573,1017905.61
1405,2,487388.7515,1017690.159
1406,2,486933.9104,1017852.745
1407,2,486312.4938,1018026.302
1408,2,486397.2777,1018031.29
1409,2,486563.8533,1018033.285
1410,2,486643.65,1018035.28
1411,2,486493.0338,1017977.427
1412,2,486308.5039,1017975.432
1413,2,486395.2828,1017980.419
1414,2,486661.6043,1017984.409
1415,2,486579.8127,1017978.424
1416,2,486346.4074,1017894.638
1417,2,485852.6654,1018846.213
1418,2,486149.908,1018864.168
1419,2,487204.2217,1017838.78
1420,2,487202.2268,1020157.871
1421,2,485257.1826,1019143.456
1422,2,487410.6956,1020081.067
1423,2,485632.227,1019046.204
1424,2,485549.438,1019047.201
1425,2,485354.4348,1019037.725
1426,2,485252.6941,1019090.092
1427,2,485555.4227,1019100.565
1428,2,485474.1299,1019095.578
1429,2,485322.5162,1019092.087
1430,2,485542.4558,1019154.428
1431,2,484761.9445,1020090.044
1432,2,485036.2456,1020088.049
1433,2,484114.5939,1019887.061
1434,2,483853.7584,1019971.845
1435,2,485037.7417,1021134.882
1436,2,484767.4305,1021133.386
1437,2,484742.9927,1021312.43
1438,2,484983.879,1021310.435
1439,2,484727.5321,1021373.275
1440,2,484965.9247,1021370.781
1441,2,485187.3605,1021306.445
1442,2,485487.5955,1021308.939
1443,2,485261.1725,1021307.442
1444,2,485414.2823,1021308.939
1445,2,486722.4492,1021181.763
1446,2,486950.8672,1021182.76
1447,2,486743.3959,1021262.058
1448,2,485249.7017,1019033.237
1449,2,486926.4295,1021263.055
1450,2,486395.2828,1018364.441
1451,2,486643.1513,1018367.433
1452,2,486405.7561,1018088.644
1453,2,486040.1876,1019111.537
1454,2,486579.3139,1018097.621
1455,2,486661.1055,1018156.471
1456,2,486316.9823,1018142.506
1457,2,486405.7561,1018144.501
1458,2,486582.3063,1018151.483
1459,2,486193.2975,1018550.467
1460,2,486127.4652,1018546.477
1461,2,485876.1057,1018535.505
1462,2,485939.943,1018538.497
1463,2,486013.7549,1018533.51
1464,2,486306.0103,1018199.361
1465,2,486379.3235,1018202.354
1466,2,486646.1437,1018210.334
1467,2,486553.38,1018208.837
1468,2,486310.0001,1018251.229
1469,2,486627.1919,1018262.201
1470,2,486559.3648,1018261.703
1471,2,486383.3133,1018258.71
1472,2,486310.4989,1018312.074
1473,2,486641.6551,1018319.555
1474,2,486575.8228,1018321.55
1475,2,486400.7689,1018311.576
1476,2,486303.0179,1018358.955
1477,2,486568.8406,1018365.937
1478,2,487214.1963,1020240.66
1479,2,486748.8819,1021330.883
1480,2,486909.9714,1020871.054
1481,2,486180.3305,1021078.027
1482,2,486264.117,1021080.022
1483,2,486495.5274,1021083.014
1484,2,486437.6748,1021080.022
1485,2,486732.9225,1020931.4
1486,2,486937.4016,1020931.4
1487,2,486164.8699,1021373.773
1488,2,486431.1913,1021366.791
1489,2,486234.1933,1021372.776
1490,2,486373.8375,1021368.786
1491,2,486331.4455,1021243.106
1492,2,486427.2015,1021244.104
1493,2,487287.0108,1019634.206
1494,2,487469.5457,1019643.183
1495,2,487281.026,1019695.051
1496,2,487452.5889,1019702.033
1497,2,487271.0514,1019804.771
1498,2,487427.6524,1019812.751
1499,2,487231.1531,1019870.603
1500,2,487439.6219,1019875.591
1501,2,487236.1404,1019945.413
1502,2,487432.6397,1019941.423
1503,2,487206.2166,1020020.222
1504,2,487414.6855,1020016.232
1505,2,487198.237,1020086.054
1506,2,486495.5274,1020907.461
1507,2,486939.8952,1021332.379
1508,2,486385.807,1020903.472
1509,2,486471.5884,1020854.596
1510,2,486932.913,1020799.736
1511,2,486752.373,1020797.741
1512,2,486452.138,1020439.155
1513,2,486556.8711,1020436.661
1514,2,486371.8426,1020380.803
1515,2,486537.9194,1020382.3
1516,2,486358.8756,1020206.747
1517,2,486548.8914,1020207.744
1518,2,486362.8654,1020334.92
1519,2,486544.4029,1020333.923
1520,2,486478.0719,1020968.306
1521,2,486379.8222,1020965.813
1522,2,486228.2085,1021025.66
1523,2,486442.1634,1021028.653
1524,2,484501.6078,1021153.834
1525,2,484392.8848,1020998.23
1526,2,484488.6408,1020996.235
1527,2,484284.1618,1020997.233
1528,2,484269.1999,1021157.824
1529,2,484430.7882,1021159.818
1530,2,484742.9927,1021188.745
1531,2,485031.2583,1021182.76
1532,2,484760.947,1021249.59
1533,2,485001.3345,1021247.595
1534,2,486252.1475,1020843.624
1535,2,486211.2517,1020899.482
1536,2,486138.936,1019117.522
1537,2,489873.6742,1019948.22
1538,2,484471.1853,1019024.758
1539,2,487839.3827,1018494.131
1540,2,487891.7276,1018565.21
1541,2,488051.5176,1018558.598
1542,2,487879.0546,1018438.48
1543,2,487841.5867,1018624.718
1544,2,488005.2336,1018623.065
1545,2,488984.3604,1019937.2
1546,2,489187.1283,1019919.568
1547,2,488990.9724,1019995.606
1548,2,489158.4763,1020044.094
1549,2,489637.8462,1019895.324
1550,2,489753.5562,1019893.12
1551,2,489613.6022,1019942.71
1552,2,489505.6063,1020353.756
1553,2,489721.5982,1020357.062
1554,2,490712.296,1018360.238
1555,2,490835.7199,1018354.728
1556,2,490691.358,1018461.622
1557,2,490833.5159,1018421.95
1558,2,490707.888,1018420.848
1559,2,490695.766,1018626.922
1560,2,490828.0059,1018624.718
1561,2,490697.97,1018760.264
1562,2,490843.4339,1018727.204
1563,2,490712.296,1018842.914
1564,2,487144.0208,1018372.911
1565,2,490862.1679,1018834.098
1566,2,486897.1729,1018379.523
1567,2,487053.6568,1018490.825
1568,2,489476.4033,1021138.931
1569,2,489477.5053,1021263.457
1570,2,489475.3013,1021043.057
1571,2,489525.9933,1021120.197
1572,2,489534.8093,1021237.009
1573,2,489527.0953,1020997.875
1574,2,484268.9035,1020216.557
1575,2,484554.3214,1020238.597
1576,2,483735.5356,1018375.115
1577,2,484022.0556,1018370.707
1578,2,487331.3608,1018305.689
1579,2,487596.9427,1018313.403
1580,2,487314.8308,1018549.231
1581,2,487522.0067,1018558.047
1582,2,486928.0289,1018555.843
1583,2,487134.1028,1018559.149
1584,2,486909.2949,1018601.025
1585,2,487142.9188,1018604.331
1586,2,486930.2329,1018666.043
1587,2,487136.3068,1018677.063
1588,2,486940.1509,1018739.877
1589,2,487133.0008,1018747.591
1590,2,486904.8869,1018433.521
1591,2,487137.4088,1018433.521
1592,2,486872.9289,1018497.437
1593,2,487141.8168,1018485.315
1594,2,489411.3853,1021011.099
1595,2,484303.6123,1020696.0
1596,2,484365.4547,1020696.998
1597,2,486759.3552,1020456.111
1598,2,486856.1087,1020652.611
1599,2,486962.8367,1020648.621
1600,2,486760.3527,1020647.623
1601,2,486533.9296,1020612.712
1602,2,486456.1278,1020727.42
1603,2,486529.9397,1020726.423
1604,2,486369.3489,1020725.425
1605,2,486423.2117,1020662.585
1606,2,486508.9931,1020665.578
1607,2,486342.4175,1020662.585
1608,2,489036.5531,1020610.718
1609,2,489122.3345,1020591.766
1610,2,489082.4362,1020657.598
1611,2,489170.2125,1020647.623
1612,2,488992.6649,1020675.552
1613,2,489237.0422,1020717.446
1614,2,489336.7881,1020698.494
1615,2,489127.3218,1020730.413
1616,2,489873.4208,1019720.985
1617,2,490697.8203,1019175.873
1618,2,490861.9022,1019175.375
1619,2,490859.9073,1019134.479
1620,2,490695.8254,1019138.967
1621,2,486658.1132,1018096.623
1622,2,487015.702,1020457.109
1623,2,484508.59,1020698.494
1624,2,486879.0502,1020460.101
1625,2,486978.7961,1020522.941
1626,2,484447.745,1020696.499
1627,2,484410.3403,1020319.46
1628,2,484512.0811,1020319.46
1629,2,484292.6402,1020321.953
1630,2,484477.17,1020386.289
1631,2,486888.0274,1020223.205
1632,2,487001.7376,1020223.205
1633,2,486775.3145,1020223.205
1634,2,486802.2459,1020723.929
1635,2,486943.885,1020721.934
1636,2,486905.4829,1020281.057
1637,2,487008.2211,1020280.559
1638,2,486782.2967,1020281.556
1639,2,487786.7375,1020331.429
1640,2,486843.1417,1020333.424
1641,2,487001.7376,1020333.424
1642,2,486913.9613,1020333.424
1643,2,486770.3272,1020335.419
1644,2,486943.885,1020393.272
1645,2,487019.6919,1020397.261
1646,2,486734.4187,1020387.287
1647,2,486857.1061,1020579.796
1648,2,486951.8647,1020583.786
1649,2,486752.373,1020579.796
1650,2,486870.0731,1020522.941
1651,2,486772.3222,1020516.956
1652,2,489412.4873,1021234.805
1653,2,489410.2833,1021130.115
1654,2,489286.8593,1021027.629
1655,2,487018.3928,1019371.874
1656,2,484836.4334,1019246.797
1657,2,484903.1044,1019250.103
1658,2,485142.7893,1019252.858
1659,2,485067.8533,1019254.511
1660,2,484954.3473,1019311.264
1661,2,485114.1373,1019315.672
1662,2,484789.0474,1019316.774
1663,2,484872.7994,1019312.366
1664,2,485039.2013,1019316.774
1665,2,484232.5375,1019834.714
1666,2,484520.1594,1019832.51
1667,2,484301.4125,1019834.714
1668,2,484452.3865,1019831.959
1669,2,484251.2715,1020006.075
1670,2,484538.3424,1020004.422
1671,2,484476.0795,1020003.32
1672,2,484328.9625,1020004.973
1673,2,484757.6404,1020331.716
1674,2,484930.6543,1020332.267
1675,2,483716.2506,1022218.339
1676,2,483901.3866,1022235.42
1677,2,483762.5346,1022283.908
1678,2,483905.7946,1022294.377
1679,2,483754.8206,1022345.069
1680,2,486811.2169,1019373.527
1681,2,483905.7946,1022360.497
1682,2,487031.6168,1019323.937
1683,2,487148.8628,1022087.455
1684,2,484351.4903,1019025.756
1685,2,484137.0367,1019029.746
1686,2,484174.9401,1019349.93
1687,2,484250.7469,1019354.917
1688,2,484544.9972,1019351.925
1689,2,484453.231,1019354.917
1690,2,484765.9343,1019914.99
1691,2,485115.0448,1019912.995
1692,2,484848.7233,1019913.993
1693,2,485035.2481,1019912.995
1694,2,483630.8265,1019028.25
1695,2,483867.2241,1019009.797
1696,2,483857.2496,1020598.249
1697,2,484074.6955,1020530.422
1698,2,486064.1266,1020899.981
1699,2,485898.0497,1020897.986
1700,2,487048.1195,1021928.859
1701,2,487188.7611,1021955.79
1702,2,487043.1322,1021853.052
1703,2,487037.1474,1021805.174
1704,2,487179.784,1021852.055
1705,2,487115.9466,1021734.355
1706,2,487223.6722,1021734.355
1707,2,487050.1144,1022093.44
1708,2,487049.1169,1022041.572
1709,2,486821.1349,1019320.631
1710,2,483470.5047,1023536.882
1711,2,483673.2726,1023558.922
1712,2,483474.9127,1023681.244
1713,2,486676.2219,1024167.226
1714,2,486880.0919,1024169.43
1715,2,486604.5919,1024342.444
1716,2,486785.3199,1024346.852
1717,2,489173.3533,1021277.783
1718,2,489166.7413,1020989.059
1719,2,489174.4553,1021205.051
1720,2,489167.8433,1021054.077
1721,2,489043.3174,1021117.993
1722,2,489051.0314,1021281.089
1723,2,489038.9094,1020952.693
1724,2,489047.7254,1021203.949
1725,2,489040.0114,1021037.547
1726,2,488782.1434,1021223.785
1727,2,488782.1434,1020893.185
1728,2,488779.9394,1021147.747
1729,2,488784.3474,1020971.427
1730,2,489110.5394,1021114.687
1731,2,489112.7434,1021229.295
1732,2,489110.5394,1020982.447
1733,2,489229.5553,1021164.277
1734,2,489231.7593,1021292.109
1735,2,489229.5553,1021046.363
1736,2,489292.3693,1021141.135
1737,2,489293.4713,1021249.131
1738,2,486895.5199,1024048.21
1739,2,486634.3459,1024044.904
1740,2,487094.9818,1024366.688
1741,2,487368.2778,1024384.32
1742,2,483651.2327,1023681.244
1743,2,483660.0486,1023741.854
1744,2,483653.4366,1023857.564
1745,2,483469.4027,1023859.768
1746,2,483492.5447,1023910.46
1747,2,483663.3546,1023913.766
1748,2,483526.7067,1024159.512
1749,2,483675.4766,1024156.206
1750,2,483571.8887,1023972.172
1751,2,483658.9466,1023971.07
1752,2,483491.4427,1023967.764
1753,2,486467.944,1024944.136
1754,2,486063.1291,1019162.408
1755,2,486713.6899,1024940.83
1756,2,486713.6899,1024881.322
1757,2,486458.026,1024818.508
1758,2,486534.064,1024825.12
1759,2,486705.9759,1024828.426
1760,2,486452.516,1025055.438
1761,2,486692.7519,1025054.336
1762,2,486536.268,1024699.492
1763,2,486761.0759,1024697.288
1764,2,486581.45,1024485.704
1765,2,486772.0959,1024486.806
1766,2,487087.2678,1024437.216
1767,2,487361.6658,1024461.46
1768,2,486482.27,1024878.016
1769,2,486329.9493,1018086.649
1770,2,484353.472,1019353.114
1771,2,485165.9109,1018339.557
1772,2,484911.0281,1021137.294
1773,2,484357.4546,1021162.185
1774,2,486838.5793,1021332.438
1775,2,486832.6055,1021256.77
1776,2,486838.5793,1021183.093
1777,2,486310.8923,1021372.264
1778,2,486231.2414,1021322.482
1779,2,486263.1017,1021244.822
1780,2,486398.5082,1021191.058
1781,2,486269.0756,1021135.302
1782,2,486352.709,1021079.547
1783,2,486336.7788,1021029.765
1784,2,486267.0843,1020964.053
1785,2,486290.9795,1020904.315
1786,2,486348.7264,1020850.551
1787,2,485982.3324,1020900.332
1788,2,486010.2102,1020840.594
1789,2,486832.6055,1020798.777
1790,2,486832.6055,1020930.201
1791,2,486800.7451,1020872.454
1792,2,486508.0282,1020436.366
1793,2,486460.2376,1020382.602
1794,2,486458.2464,1020342.776
1795,2,486414.4384,1020304.942
1796,2,486410.4559,1020263.125
1797,2,484873.194,1021182.097
1798,2,484867.2202,1021249.801
1799,2,485329.1952,1021311.53
1800,2,484859.2551,1021313.521
1801,2,486579.714,1024992.396
1802,2,486603.6092,1024944.605
1803,2,486601.6179,1024882.876
1804,2,486601.6179,1024815.173
1805,2,486655.3823,1024695.696
1806,2,486691.2252,1024476.657
1807,2,487298.5631,1023871.31
1808,2,487350.3362,1023680.148
1809,2,487346.3536,1023640.322
1810,2,487354.3187,1023602.488
1811,2,487366.2663,1023514.872
1812,2,487368.2576,1023475.047
1813,2,486458.2464,1020205.378
1814,2,487380.2052,1023433.23
1815,2,487453.8823,1023281.893
1816,2,487485.7427,1023198.26
1817,2,483565.924,1023543.746
1818,2,483563.9327,1023681.143
1819,2,483558.9546,1023740.882
1820,2,483559.9502,1023860.358
1821,2,483578.8673,1023914.122
1822,2,483595.7931,1024161.04
1823,2,483826.7806,1022352.965
1824,2,483822.7981,1022289.244
1825,2,483798.9028,1022221.541
1826,2,484852.2856,1021370.272
1827,2,487519.5943,1023118.609
1828,2,486577.7227,1025058.108
1829,2,487304.5369,1020237.239
1830,2,487306.5282,1020087.893
1831,2,485004.6179,1018640.239
1832,2,484950.8536,1018558.597
1833,2,485044.4434,1018455.05
1834,2,485181.8411,1018393.321
1835,2,485118.1204,1018214.107
1836,2,485185.8237,1018271.853
1837,2,486549.8449,1017642.612
1838,2,486519.9758,1017592.83
1839,2,486438.3337,1017515.17
1840,2,487117.3574,1017487.292
1841,2,487057.6192,1017965.198
1842,2,487037.7065,1017895.503
1843,2,487067.5756,1017841.739
1844,2,487069.5668,1017791.957
1845,2,487063.593,1017722.262
1846,2,487368.2576,1018676.082
1847,2,487422.022,1018552.623
1848,2,487509.6379,1018492.885
1849,2,487517.603,1018431.155
1850,2,487921.8312,1018496.867
1851,2,487977.5868,1018441.112
1852,2,487467.8212,1019181.865
1853,2,487437.9521,1019120.135
1854,2,487461.8474,1019060.397
1855,2,487909.8836,1019112.17
1856,2,484909.0369,1020091.876
1857,2,485396.8985,1019094.249
1858,2,485388.9334,1019148.013
1859,2,483981.1042,1019932.574
1860,2,487328.4322,1019938.548
1861,2,487340.3798,1019872.836
1862,2,487338.3885,1019809.115
1863,2,487366.2663,1019699.595
1864,2,487380.2052,1019639.857
1865,2,486916.2389,1019375.018
1866,2,486916.2389,1019323.245
1867,2,487019.785,1018606.387
1868,2,487035.7152,1018556.605
1869,2,486970.0032,1018490.893
1870,2,487021.7763,1018429.164
1871,2,487003.8549,1018383.365
1872,2,487300.5544,1020179.492
1873,2,487047.6628,1018265.88
1874,2,486488.1155,1018030.91
1875,2,486498.0718,1018315.661
1876,2,486468.2027,1018257.915
1877,2,486454.2638,1018208.133
1878,2,486486.1242,1018142.421
1879,2,486030.1229,1018612.361
1880,2,486069.9484,1018558.597
1881,2,486036.0967,1018484.92
1882,2,485980.3411,1018857.287
1883,2,487923.8225,1018624.309
1884,2,487967.6304,1018566.562
1885,2,488033.3424,1018986.72
1886,2,487017.7938,1018299.731
1887,2,487412.0656,1023236.094
1888,2,486398.5082,1021280.665
1889,2,487336.3973,1023710.017
1890,2,489128.5419,1017724.254
1891,2,489136.507,1017672.481
1892,2,489040.926,1017616.725
1893,2,489160.4023,1017553.004
1894,2,487909.8836,1019050.441
1895,2,488574.9684,1017708.324
1896,2,488563.0207,1017768.062
1897,2,488487.3524,1017891.521
1898,2,488523.1953,1017835.765
1899,2,488586.916,1017517.161
1900,2,488531.1604,1017449.458
1901,2,489745.8362,1019942.531
1902,2,489881.2427,1019898.723
1903,2,489036.9434,1020058.024
1904,2,489100.6641,1019990.321
1905,2,489068.8038,1019934.565
1906,2,491581.7889,1017525.127
1907,2,490773.3325,1018341.548
1908,2,491669.4048,1017537.074
1909,2,490785.2801,1018437.129
1910,2,490777.315,1018739.802
1911,2,487519.5943,1023156.443
1912,2,484417.1927,1020249.186
1913,2,484843.3249,1020328.837
1914,2,483867.6017,1018373.408
1915,2,487941.7439,1019177.882
1916,2,483748.1254,1019018.58
1917,2,486492.098,1018094.63
1918,2,485038.4695,1018146.403
1919,2,484950.8536,1019914.653
1920,2,484381.3498,1019835.002
1921,2,483951.2351,1020567.79
1922,2,487320.4671,1020010.234
1923,2,488598.8636,1017588.847
1924,2,489626.3599,1020352.733
1925,2,488774.0955,1021057.643
1926,2,490777.315,1019153.987
1927,2,490785.2801,1018835.383
1928,2,490769.3499,1018620.326
1929,2,491749.0557,1017541.057
1930,2,489164.3848,1021125.346
1931,2,491924.2876,1017517.161
1932,2,484409.2276,1020002.269
1933,2,487607.2102,1017489.284
1934,2,487519.5943,1017616.725
1935,2,487511.6292,1017811.87
1936,2,487523.5768,1017752.131
1937,2,487511.6292,1017696.376
1938,2,487177.0955,1021698.832
1939,2,487113.3748,1021810.344
1940,2,487101.4272,1021953.715
1941,2,487117.3574,1022045.314
1942,2,487113.3748,1022156.825
1943,2,486766.8935,1024048.533
1944,2,486778.8411,1024168.009
1945,2,487200.9908,1024438.822
1946,2,486711.1379,1024339.259
1947,2,487244.7988,1024379.084
1948,2,491844.6367,1017533.092
1949,2,484385.3324,1018468.989
1950,2,484389.3149,1018568.553
1951,2,487559.4197,1017556.987
1952,2,484241.9608,1019026.545
1953,2,492015.8861,1017505.214
1954,2,492091.5544,1017521.144
1955,2,492183.153,1017517.161
1956,2,492310.5943,1017521.144
1957,2,492394.2278,1017501.231
1958,2,492501.7564,1017497.249
1959,2,484970.7663,1019249.568
1960,2,492621.2328,1017505.214
1961,2,487463.8387,1018305.705
1962,2,492577.4248,1017509.196
1963,2,487005.8461,1018743.785
1964,2,487017.7938,1018676.082
1965,2,486492.098,1018373.408
1966,2,485448.6715,1019042.476
1967,2,484321.6117,1019062.388
1968,2,486452.2726,1019301.341
1969,2,486512.0107,1019241.603
1970,2,487467.8212,1018353.496
1971,3,483901.0093,1028633.291
1972,3,488370.4236,1022322.807
1973,3,485296.5972,1028153.246
1974,3,489279.8215,1024081.693
1975,3,484252.7865,1028693.969
1976,3,489285.9661,1024261.422
1977,3,483884.1117,1028743.894
1978,3,488705.3032,1022327.415
1979,3,484083.0425,1028663.246
1980,3,489299.7914,1024448.832
1981,3,488507.9086,1022254.448
1982,3,484083.8106,1022764.064
1983,3,488742.9388,1022254.064
1984,3,484104.5485,1024773.342
1985,3,484308.8558,1024770.27
1986,3,483894.0966,1024774.878
1987,3,484353.404,1024036.761
1988,3,483540.0152,1023243.342
1989,3,483687.4851,1023252.559
1990,3,484240.4974,1022774.818
1991,3,484417.1541,1022787.107
1992,3,484636.0547,1028146.333
1993,3,484085.3467,1025904.713
1994,3,484249.7142,1025913.93
1995,3,488255.2127,1022254.064
1996,3,484979.3832,1028152.478
1997,3,494425.1397,1031108.021
1998,3,485302.7417,1028236.966
1999,3,493623.2719,1031065.009
2000,3,483883.3436,1025891.656
2001,3,493337.5489,1031058.864
2002,3,493887.4889,1030932.9
2003,3,493097.9103,1031083.443
2004,3,492959.6572,1030727.057
2005,3,494787.67,1031111.093
2006,3,495156.3448,1031117.238
2007,3,494981.2242,1031114.165
2008,3,494612.5494,1031101.876
2009,3,494630.9831,1031276.997
2010,3,494750.0344,1031620.325
2011,3,494878.3025,1031630.31
2012,3,494604.8687,1031614.181
2013,3,496011.2096,1031102.644
2014,3,495995.08,1030974.376
2015,3,483540.7832,1030129.496
2016,3,483546.9278,1030045.008
2017,3,483815.7532,1030020.43
2018,3,483682.1086,1030069.587
2019,3,483897.1689,1030370.671
2020,3,483892.5605,1029673.261
2021,3,484259.6992,1029688.623
2022,3,483503.9158,1029670.189
2023,3,484963.2537,1028230.821
2024,3,484649.88,1028229.285
2025,3,487347.1589,1028550.147
2026,3,496521.9778,1049427.512
2027,3,491604.7772,1034651.716
2028,3,498038.1531,1051670.668
2029,3,498201.7525,1051684.493
2030,3,498273.1833,1050841.149
2031,3,498351.5267,1050730.547
2032,3,496436.7218,1049328.431
2033,3,497033.5142,1049973.611
2034,3,496860.6978,1049795.035
2035,3,496648.7098,1049563.461
2036,3,496147.5424,1049808.86
2037,3,483590.708,1048960.908
2038,3,496956.3229,1049887.203
2039,3,496752.3996,1049668.303
2040,3,494444.7255,1047239.657
2041,3,494823.7694,1047655.568
2042,3,494647.4967,1047458.558
2043,3,493502.3005,1048812.286
2044,3,493297.2251,1048563.43
2045,3,493183.1663,1048429.786
2046,3,493572.5791,1048890.629
2047,3,493408.9797,1048699.379
2048,3,493081.7808,1048650.991
2049,3,493429.7176,1049056.533
2050,3,493245.3802,1048842.241
2051,3,483796.9354,1048911.367
2052,3,493466.5851,1031071.153
2053,3,498107.2796,1051599.237
2054,3,487464.098,1028543.235
2055,3,497966.7223,1051742.099
2056,3,496660.2309,1050928.71
2057,3,491597.8646,1034354.472
2058,3,491613.9941,1035048.041
2059,3,491597.8646,1034497.333
2060,3,491613.9941,1034877.529
2061,3,491178.4969,1034545.722
2062,3,491173.8885,1034368.297
2063,3,491183.1054,1034718.538
2064,3,492021.8406,1034511.158
2065,3,492026.449,1034711.625
2066,3,492017.2322,1034331.429
2067,3,490367.4123,1034679.366
2068,3,490346.6743,1034985.827
2069,3,485452.5159,1047430.907
2070,3,485593.0732,1047276.525
2071,3,485295.8291,1047580.681
2072,3,485920.2721,1047806.495
2073,3,486074.6547,1047672.85
2074,3,485768.1937,1047942.444
2075,3,483684.0288,1048935.561
2076,3,497922.9422,1051412.595
2077,3,497837.6861,1051493.243
2078,3,497100.3365,1051767.445
2079,3,497319.2372,1051541.632
2080,3,497206.3305,1051663.755
2081,3,496498.9356,1051080.788
2082,3,496574.9748,1051009.357
2083,3,493334.4766,1030727.057
2084,3,495701.6763,1045997.684
2085,3,493478.8743,1030727.057
2086,3,495818.7725,1045348.687
2087,3,495726.0088,1045159.17
2088,3,495599.3316,1045290.834
2089,3,495663.1689,1045223.007
2090,3,496277.6034,1037284.733
2091,3,497750.1259,1051578.499
2092,3,500756.3619,1019632.633
2093,3,500401.5124,1019614.199
2094,3,501106.603,1019651.066
2095,3,499521.3012,1019205.584
2096,3,499771.6929,1019116.488
2097,3,500830.0969,1018502.03
2098,3,501128.1091,1018526.608
2099,3,500502.898,1018471.307
2100,3,503708.8329,1018313.084
2101,3,503312.5075,1018288.506
2102,3,502986.8447,1018259.319
2103,3,502284.8264,1017738.566
2104,3,502294.0432,1017591.864
2105,3,502271.7691,1017896.789
2106,3,501479.5023,1017710.531
2107,3,501476.43,1017825.742
2108,3,501491.0233,1017571.51
2109,3,503103.2077,1018581.525
2110,3,503365.8885,1018599.959
2111,3,495500.5832,1045068.401
2112,3,502848.2076,1018561.555
2113,3,495432.756,1045143.211
2114,3,495880.6149,1045278.865
2115,3,498658.0382,1035128.727
2116,3,497433.1591,1033631.043
2117,3,499675.9447,1033343.276
2118,3,497890.4939,1033977.66
2119,3,497862.565,1034253.956
2120,3,497873.5371,1034114.311
2121,3,499096.4213,1035151.668
2122,3,498848.0541,1035139.699
2123,3,498972.7364,1035145.684
2124,3,498920.8686,1034455.442
2125,3,499317.8571,1034435.493
2126,3,499120.3603,1034445.468
2127,3,498112.9271,1034447.463
2128,3,498102.9526,1034738.72
2129,3,498108.9373,1034591.097
2130,3,497833.6387,1034439.483
2131,3,497827.654,1034702.812
2132,3,497829.6489,1034559.178
2133,3,501147.196,1044551.718
2134,3,501701.783,1044170.688
2135,3,495781.8665,1045260.911
2136,3,495705.0622,1045328.738
2137,3,495629.2553,1045114.284
2138,3,495556.4409,1045193.083
2139,3,495742.9656,1045423.496
2140,3,495575.3926,1044998.579
2141,3,493620.1996,1030742.418
2142,3,502491.8219,1018188.272
2143,3,502387.364,1018177.519
2144,3,500280.925,1024816.738
2145,3,500376.166,1024824.419
2146,3,500276.3166,1024985.714
2147,3,501136.5579,1025080.955
2148,3,501133.4856,1024968.817
2149,3,501133.4856,1024968.817
2150,3,501048.9976,1024976.498
2151,3,499052.777,1024984.946
2152,3,499167.2198,1024990.323
2153,3,498940.6384,1024981.874
2154,3,499713.3194,1025140.097
2155,3,499236.3463,1026179.299
2156,3,499526.6777,1026176.227
2157,3,498879.9606,1026176.227
2158,3,499606.5573,1025755.323
2159,3,488950.3184,1025303.696
2160,3,489010.228,1025305.233
2161,3,489007.1558,1024996.467
2162,3,488950.3184,1024996.467
2163,3,488976.4329,1025156.227
2164,3,488981.0413,1025240.715
2165,3,488977.969,1025068.666
2166,3,484280.4371,1021851.21
2167,3,484443.2685,1021865.804
2168,3,484110.6931,1021839.689
2169,3,500373.0937,1024974.961
2170,3,502589.3671,1018193.649
2171,3,500325.4732,1024895.082
2172,3,499981.3767,1024403.515
2173,3,500649.5998,1018654.876
2174,3,500893.0788,1018676.382
2175,3,500394.5997,1018625.689
2176,3,500515.9552,1017968.219
2177,3,500949.1481,1017923.671
2178,3,501607.0023,1018474.379
2179,3,501714.1484,1018473.995
2180,3,500952.9885,1019639.929
2181,3,500565.8799,1019623.032
2182,3,502224.9167,1020623.062
2183,3,502415.3987,1020621.526
2184,3,502014.4648,1020629.207
2185,3,502068.2299,1020692.189
2186,3,502168.0793,1020690.653
2187,3,502128.1395,1020308.152
2188,3,501796.3322,1020311.225
2189,3,502400.0372,1020302.008
2190,3,501945.3383,1020311.225
2191,3,502269.4649,1020302.008
2192,3,499653.4097,1023066.301
2193,3,499489.0422,1023048.635
2194,3,499792.4308,1023073.982
2195,3,499950.6538,1024488.003
2196,3,499978.3044,1024550.985
2197,3,499919.9309,1024558.666
2198,3,499919.9309,1024406.588
2199,3,497913.7253,1051548.544
2200,3,497987.4603,1051472.505
2201,3,497833.0777,1051624.583
2202,3,493321.9955,1046719.48
2203,3,493487.8991,1046544.359
2204,3,493727.5378,1047024.789
2205,3,493826.6191,1046934.924
2206,3,493983.3059,1047100.828
2207,3,493893.4415,1047188.388
2208,3,493810.4896,1047269.036
2209,3,493656.107,1047106.589
2210,3,493012.0782,1045570.827
2211,3,493123.8327,1045675.669
2212,3,493459.0964,1046923.403
2213,3,492883.042,1045424.51
2214,3,492899.1715,1045666.453
2215,3,493241.3478,1045581.196
2216,3,492989.036,1045323.124
2217,3,492788.5691,1045543.177
2218,3,493027.0556,1045788.576
2219,3,498681.6059,1042351.835
2220,3,498953.5036,1042104.132
2221,3,498425.8377,1042586.866
2222,3,498546.8092,1042475.111
2223,3,498816.4026,1042222.799
2224,3,493120.3764,1045445.248
2225,3,493656.107,1046749.435
2226,3,493400.3389,1046636.528
2227,3,493566.2425,1046836.995
2228,3,496606.0818,1054033.067
2229,3,496551.9327,1054071.087
2230,3,496378.5403,1054661.542
2231,3,496479.3498,1054782.514
2232,3,496282.3392,1054533.658
2233,3,496570.3664,1054430.545
2234,3,496646.4056,1054527.322
2235,3,496479.3498,1054319.366
2236,3,493954.5032,1047262.123
2237,3,493324.2997,1046551.272
2238,3,493650.3465,1046931.468
2239,3,493737.9068,1046858.885
2240,3,493557.0257,1047019.028
2241,3,494044.3677,1047179.171
2242,3,493876.1598,1047342.771
2243,3,493247.1084,1046638.832
2244,3,493394.5783,1046471.777
2245,3,493483.2907,1046737.914
2246,3,493811.6417,1047096.22
2247,3,493569.6989,1046649.201
2248,3,493908.4189,1047014.42
2249,3,493717.1688,1047187.236
2250,3,493385.3615,1046807.04
2251,3,497036.3944,1042121.414
2252,3,497292.1626,1041888.688
2253,3,496767.9531,1042357.596
2254,3,496893.5329,1042245.841
2255,3,498512.2459,1048103.163
2256,3,498663.1721,1047720.663
2257,3,498734.6029,1047775.964
2258,3,498643.5863,1047840.482
2259,3,498769.1662,1047673.426
2260,3,498529.5275,1048010.994
2261,3,498425.8377,1048152.703
2262,3,500137.8715,1048210.309
2263,3,500183.9558,1048149.247
2264,3,500081.4182,1048273.675
2265,3,500162.0658,1048334.737
2266,3,500192.0206,1048262.154
2267,3,500242.7134,1048205.7
2268,3,500013.4437,1048204.548
2269,3,500066.4407,1048150.399
2270,3,500111.373,1048087.033
2271,3,499853.3006,1047905.0
2272,3,499909.7539,1047838.178
2273,3,499963.9031,1048000.625
2274,3,500021.5085,1047925.738
2275,3,499936.2524,1047926.89
2276,3,499804.912,1047736.792
2277,3,499746.1545,1047811.679
2278,3,498439.663,1048044.405
2279,3,496505.2722,1054113.715
2280,3,498625.1526,1047952.236
2281,3,498793.3604,1047566.28
2282,3,497167.7348,1042005.051
2283,3,495104.3079,1042401.376
2284,3,495193.0203,1042495.849
2285,3,495008.6828,1042293.078
2286,3,494239.0741,1042941.715
2287,3,494311.657,1043018.906
2288,3,494354.285,1042861.067
2289,3,494409.5862,1042911.76
2290,3,494653.8333,1043005.081
2291,3,494570.8815,1042937.107
2292,3,494457.9748,1042833.417
2293,3,492256.2948,1043902.574
2294,3,498168.9174,1048012.146
2295,3,498251.8693,1048083.577
2296,3,498392.4266,1047698.773
2297,3,498477.6826,1047774.812
2298,3,498284.1283,1047855.459
2299,3,498376.297,1047915.369
2300,3,498272.6072,1047984.496
2301,3,498385.5139,1047813.983
2302,3,498344.038,1048194.179
2303,3,498416.6208,1048246.024
2304,3,498862.487,1047629.646
2305,3,498541.0486,1047891.175
2306,3,496472.4371,1054068.206
2307,3,496554.8129,1053986.407
2308,3,496515.6412,1054026.73
2309,3,496746.6391,1045122.081
2310,3,497004.7114,1045361.72
2311,3,496486.2625,1044880.138
2312,3,496612.9944,1044995.349
2313,3,496887.1963,1045248.813
2314,3,501486.4149,1045868.648
2315,3,501645.4059,1045605.967
2316,3,501281.3395,1046202.759
2317,3,501375.8125,1046043.768
2318,3,501562.4541,1045739.611
2319,3,501444.3629,1045171.046
2320,3,501656.351,1045348.47
2321,3,501219.7017,1044982.1
2322,3,501557.2696,1045264.367
2323,3,501331.4563,1045074.269
2324,3,500938.0111,1045297.202
2325,3,501088.9374,1045072.54
2326,3,500798.6059,1045508.038
2327,3,500866.5803,1045403.196
2328,3,501014.0503,1045190.056
2329,3,500024.9648,1045689.495
2330,3,500133.2631,1045544.329
2331,3,499929.3398,1045827.748
2332,3,497183.2883,1046495.395
2333,3,499981.1847,1045754.013
2334,3,497352.6483,1046642.289
2335,3,496879.1316,1046671.667
2336,3,495748.9128,1045948.143
2337,3,495987.3993,1046269.582
2338,3,496032.3316,1046223.497
2339,3,495134.8388,1047305.327
2340,3,494897.5043,1047042.647
2341,3,495015.0194,1047171.683
2342,3,495046.1264,1047002.323
2343,3,495297.2861,1047262.699
2344,3,494756.9471,1046711.991
2345,3,494888.2875,1046847.94
2346,3,495171.7062,1047139.424
2347,3,495296.134,1046695.862
2348,3,495536.9247,1046937.805
2349,3,495049.5827,1046434.333
2350,3,495427.4744,1046821.442
2351,3,495164.7936,1046556.457
2352,3,496838.8078,1046543.783
2353,3,496549.6284,1046278.798
2354,3,497137.204,1046809.921
2355,3,496694.7942,1046411.291
2356,3,496985.1256,1046678.58
2357,3,496656.7746,1046461.984
2358,3,497084.207,1046860.613
2359,3,497259.9036,1046563.369
2360,3,499827.9542,1047826.657
2361,3,500083.7224,1045607.695
2362,3,497596.8954,1044685.432
2363,3,491892.8044,1050229.38
2364,3,492092.1193,1050519.711
2365,3,491684.2727,1049948.265
2366,3,492003.4069,1050397.588
2367,3,491784.5062,1050093.431
2368,3,491112.8267,1050871.104
2369,3,491226.8855,1051032.4
2370,3,490969.9652,1050698.288
2371,3,490586.313,1051615.367
2372,3,490794.8447,1051921.828
2373,3,490361.6517,1051283.559
2374,3,490464.1894,1051442.55
2375,3,490686.5464,1051765.141
2376,3,490112.7962,1052394.192
2377,3,490194.596,1052512.859
2378,3,490021.7796,1052258.243
2379,3,494699.3416,1052336.587
2380,3,494767.316,1052277.829
2381,3,494659.0178,1052281.286
2382,3,494729.2964,1052234.049
2383,3,494469.4959,1053639.622
2384,3,494516.7324,1053590.657
2385,3,494417.0749,1053695.499
2386,3,491217.6686,1050662.573
2387,3,497488.5972,1044588.655
2388,3,491456.1552,1050975.946
2389,3,491573.6703,1051130.329
2390,3,497364.1694,1044465.379
2391,3,500935.7069,1047145.184
2392,3,501054.3741,1047254.635
2393,3,500800.9101,1047032.278
2394,3,501113.1316,1047177.443
2395,3,500993.3123,1047070.297
2396,3,500861.9719,1046948.174
2397,3,499677.604,1050467.866
2398,3,499237.4984,1050912.58
2399,3,499403.4021,1051062.354
2400,3,485028.5398,1047099.1
2401,3,485195.5956,1046935.5
2402,3,484854.5714,1047267.308
2403,3,491618.6025,1050858.431
2404,3,491499.9353,1050709.809
2405,3,491732.6613,1051003.597
2406,3,491557.5407,1050895.299
2407,3,491657.7742,1051017.422
2408,3,491464.2199,1050774.327
2409,3,491268.3614,1050518.559
2410,3,491350.1611,1050636.074
2411,3,491177.3448,1050389.523
2412,3,491336.3358,1050826.172
2413,3,491108.2183,1050516.255
2414,3,500171.2826,1049413.111
2415,3,500345.2511,1049141.213
2416,3,500258.8429,1049277.162
2417,3,492672.7821,1032205.501
2418,3,492737.3002,1032409.424
2419,3,492734.996,1032206.653
2420,3,492607.1119,1032203.196
2421,3,492608.264,1032405.968
2422,3,492610.5682,1032607.587
2423,3,492745.365,1032605.282
2424,3,492706.1933,1032510.809
2425,3,492706.1933,1032304.582
2426,3,492641.6752,1032309.19
2427,3,492643.9794,1032516.57
2428,3,495559.9669,1045868.648
2429,3,496155.6072,1046343.316
2430,3,496126.8045,1046381.336
2431,3,495882.5574,1046088.7
2432,3,495843.3857,1046126.72
2433,3,498528.9515,1052428.755
2434,3,498647.6187,1052562.4
2435,3,498470.1939,1052367.694
2436,3,498717.8973,1052632.679
2437,3,498588.8611,1052493.274
2438,3,489968.7826,1052552.031
2439,3,489730.2961,1052186.813
2440,3,492678.5427,1032605.282
2441,3,489612.781,1052018.605
2442,3,492673.9342,1032410.576
2443,3,498641.2821,1030129.4
2444,3,488431.2933,1050831.645
2445,3,488490.627,1050770.007
2446,3,488635.2166,1050616.2
2447,3,497916.6056,1031129.431
2448,3,497918.9098,1031197.405
2449,3,497923.5183,1031046.479
2450,3,498632.0652,1030769.973
2451,3,498634.3694,1031090.259
2452,3,498638.9779,1030412.819
2453,3,498632.0652,1030928.964
2454,3,498636.6736,1030592.548
2455,3,496885.4682,1031109.845
2456,3,496883.164,1030963.527
2457,3,497562.9082,1031508.475
2458,3,497562.9082,1031370.222
2459,3,495752.9452,1030000.364
2460,3,495755.2494,1030206.592
2461,3,495756.4015,1029759.573
2462,3,495750.6409,1029871.328
2463,3,495752.9452,1030102.902
2464,3,498650.4989,1030013.037
2465,3,498643.5863,1030233.09
2466,3,498652.8032,1029789.528
2467,3,498650.4989,1029901.283
2468,3,488698.0065,1050543.617
2469,3,490070.1682,1052698.349
2470,3,489307.4721,1052326.218
2471,3,500979.487,1048006.962
2472,3,500749.0652,1047786.909
2473,3,495122.1656,1050099.191
2474,3,495368.7169,1049849.184
2475,3,495250.0496,1049966.699
2476,3,495597.9865,1049754.711
2477,3,495542.6853,1049807.708
2478,3,492897.4433,1051422.964
2479,3,493193.5353,1051096.918
2480,3,493062.1949,1051248.996
2481,3,492813.3394,1050853.823
2482,3,492994.2205,1051098.07
2483,3,492905.5081,1050986.315
2484,3,498133.7781,1052162.618
2485,3,497498.9661,1052254.787
2486,3,497639.5234,1052116.534
2487,3,497572.7011,1052181.052
2488,3,497533.5294,1050647.595
2489,3,497777.7765,1050903.363
2490,3,497639.5234,1050774.327
2491,3,497697.1289,1051500.156
2492,3,497853.8157,1051345.773
2493,3,497775.4723,1051419.508
2494,3,500879.2535,1047906.728
2495,3,489853.5717,1052381.519
2496,3,500495.6013,1047532.293
2497,3,497209.7868,1052532.445
2498,3,489466.4632,1052588.899
2499,3,489390.424,1052455.254
2500,3,493160.1242,1052092.34
2501,3,493285.704,1051963.304
2502,3,493432.0219,1051811.225
2503,3,493622.1198,1051611.91
2504,3,493531.1032,1051704.079
2505,3,495413.6491,1050343.438
2506,3,495596.8344,1050159.101
2507,3,495506.9699,1050253.574
2508,3,496897.5653,1051549.696
2509,3,497032.3621,1051412.595
2510,3,496964.3876,1051487.483
2511,3,496822.6782,1051444.855
2512,3,496997.7988,1051267.43
2513,3,496907.9343,1051360.751
2514,3,497028.9057,1051708.687
2515,3,497178.6799,1051553.153
2516,3,497098.0323,1051633.8
2517,3,497092.2717,1052525.533
2518,3,497328.454,1052539.358
2519,3,497220.1558,1052419.539
2520,3,497209.7868,1052660.329
2521,3,500603.8995,1047649.808
2522,3,495612.9639,1045817.955
2523,3,488552.2648,1050698.576
2524,3,488206.0561,1050725.651
2525,3,490936.5541,1047436.38
2526,3,491271.8177,1047634.542
2527,3,491461.9157,1047438.684
2528,3,491370.8991,1047534.309
2529,3,491048.3086,1047866.116
2530,3,491151.9984,1047758.97
2531,3,500111.949,1043841.8
2532,3,500315.8723,1043996.183
2533,3,500220.2473,1043921.296
2534,3,500179.9235,1043755.392
2535,3,500282.4612,1043837.192
2536,3,500383.8467,1043916.687
2537,3,500306.6554,1043924.752
2538,3,500189.1403,1043837.192
2539,3,500342.3708,1043757.696
2540,3,500443.7564,1043652.854
2541,3,500437.9958,1043831.431
2542,3,500517.4914,1043725.437
2543,3,500261.7232,1043695.482
2544,3,500364.2609,1043598.705
2545,3,500346.9792,1043673.592
2546,3,500441.4522,1043748.479
2547,3,500568.1841,1043505.384
2548,3,490834.0164,1047541.222
2549,3,500511.7308,1043566.446
2550,3,491156.6069,1047209.414
2551,3,491046.0044,1047326.929
2552,3,499996.1621,1049671.183
2553,3,500066.4407,1049566.341
2554,3,487331.0294,1046370.391
2555,3,487183.5594,1046280.527
2556,3,486992.3094,1046144.578
2557,3,486796.4509,1046050.105
2558,3,486863.2732,1046287.439
2559,3,486651.2852,1046123.84
2560,3,486826.4057,1046160.707
2561,3,486536.0743,1046550.12
2562,3,486344.8242,1046407.259
2563,3,492331.1818,1046059.322
2564,3,492411.8295,1045980.978
2565,3,492476.3476,1046243.659
2566,3,492559.2994,1046165.316
2567,3,491561.5731,1047072.025
2568,3,491661.8066,1046968.336
2569,3,491677.9361,1047220.647
2570,3,491782.778,1047107.741
2571,3,491544.2915,1046813.953
2572,3,491439.4496,1046940.685
2573,3,491553.5084,1046947.598
2574,3,491686.0009,1047110.045
2575,3,491234.9503,1047127.615
2576,3,488452.6074,1050480.251
2577,3,500623.4854,1043435.106
2578,3,500623.4854,1043550.317
2579,3,495110.6445,1052567.297
2580,3,495265.0271,1052762.003
2581,3,494965.4788,1052381.807
2582,3,495041.5179,1052476.28
2583,3,495192.4442,1052666.378
2584,3,494441.8453,1052223.392
2585,3,494496.5704,1052287.91
2586,3,494273.0613,1053393.935
2587,3,494337.5794,1053325.96
2588,3,494206.239,1052712.462
2589,3,494255.7797,1052786.197
2590,3,494712.0148,1054088.656
2591,3,494791.5103,1054009.737
2592,3,489468.7674,1049590.823
2593,3,489520.6123,1049533.218
2594,3,489386.9676,1049479.069
2595,3,489449.1815,1049418.007
2596,3,488439.9342,1050390.387
2597,3,488526.3423,1050299.37
2598,3,488355.8302,1050475.643
2599,3,488324.7233,1050606.983
2600,3,488557.4493,1050369.649
2601,3,488111.5831,1050831.645
2602,3,493276.4872,1051667.5
2603,3,500578.5531,1043627.508
2604,3,493510.3653,1051417.492
2605,3,503190.3839,1045548.649
2606,3,500676.4824,1043481.19
2607,3,500502.5139,1043440.866
2608,3,500564.7278,1043383.261
2609,3,500447.2127,1043505.384
2610,3,499719.0799,1045496.228
2611,3,499803.7599,1045399.451
2612,3,499648.8013,1045580.332
2613,3,499764.0122,1045530.216
2614,3,499698.918,1045618.928
2615,3,499821.6176,1045456.481
2616,3,499294.5278,1046201.319
2617,3,499582.555,1046477.825
2618,3,499453.5188,1046346.485
2619,3,499013.4132,1045938.638
2620,3,499150.5142,1046063.066
2621,3,499635.552,1046371.831
2622,3,499458.1273,1046204.775
2623,3,500095.8195,1046132.769
2624,3,500043.3986,1046045.208
2625,3,499622.3028,1046776.797
2626,3,501587.8005,1048635.149
2627,3,501711.0761,1048754.968
2628,3,501438.0263,1048500.352
2629,3,493389.3938,1051539.615
2630,3,494471.206,1036315.204
